Barcode ID,MNPRO ID,Animal IDs,Months,Collection ID (3),Swab Type,Sample IDs,Project,Project PI/Collector,Geographical Location,Collection Date,Received Date,Freezer,Freezer Shelf,Bin #,Box ID,Swab Processor,Swab Process date,RT-QuIC Run By,RT-QuIC Run Start Date,Plate Reader #,RT-QuIC Results,Notes
,3381,B-146,51 MPI,USDA/Greenlee samples,"""MNPRO"" Nasal swab (our typical FisherBrand swabs)",S-1033,USDA Validation,Tiffany Wolf,"USDA, Ames, IA",,6.13.25,Alzoc,4,1,,SG,7.31.25,,,,,
,3386,1901,51 MPI,USDA/Greenlee samples,"""MNPRO"" Nasal swab (our typical FisherBrand swabs)",S-1034,USDA Validation,Tiffany Wolf,"USDA, Ames, IA",,6.13.25,Alzoc,4,1,,SG,7.31.25,,,,,
,3389,Y-16,51 MPI,USDA/Greenlee samples,"""MNPRO"" Nasal swab (our typical FisherBrand swabs)",S-1035,USDA Validation,Tiffany Wolf,"USDA, Ames, IA",,6.13.25,Alzoc,4,1,,SG,7.31.25,,,,,
,3397,Y-15,51 MPI,USDA/Greenlee samples,"""MNPRO"" Nasal swab (our typical FisherBrand swabs)",S-1036,USDA Validation,Tiffany Wolf,"USDA, Ames, IA",,6.13.25,Alzoc,4,1,,SG,7.31.25,,,,,
,3398,B-204,51 MPI,USDA/Greenlee samples,"""MNPRO"" Nasal swab (our typical FisherBrand swabs)",S-1037,USDA Validation,Tiffany Wolf,"USDA, Ames, IA",,6.13.25,Alzoc,4,1,,SG,7.31.25,,,,,
,3399,B-206,51 MPI,USDA/Greenlee samples,"""MNPRO"" Nasal swab (our typical FisherBrand swabs)",S-1038,USDA Validation,Tiffany Wolf,"USDA, Ames, IA",,6.13.25,Alzoc,4,1,,SG,7.31.25,,,,,
,3400,B-199,51 MPI,USDA/Greenlee samples,"""MNPRO"" Nasal swab (our typical FisherBrand swabs)",S-1039,USDA Validation,Tiffany Wolf,"USDA, Ames, IA",,6.13.25,Alzoc,4,1,,SG,7.31.25,,,,,
,3401,Y-23,51 MPI,USDA/Greenlee samples,"""MNPRO"" Nasal swab (our typical FisherBrand swabs)",S-1040,USDA Validation,Tiffany Wolf,"USDA, Ames, IA",,6.13.25,Alzoc,4,1,,SG,7.31.25,,,,,
,3402,B-158,51 MPI,USDA/Greenlee samples,"""MNPRO"" Nasal swab (our typical FisherBrand swabs)",S-1041,USDA Validation,Tiffany Wolf,"USDA, Ames, IA",,6.13.25,Alzoc,4,1,,SG,7.31.25,,,,,
,3403,B-161,51 MPI,USDA/Greenlee samples,"""MNPRO"" Nasal swab (our typical FisherBrand swabs)",S-1042,USDA Validation,Tiffany Wolf,"USDA, Ames, IA",,6.13.25,Alzoc,4,1,,SG,7.31.25,,,,,
,3404,B-119,51 MPI,USDA/Greenlee samples,"""MNPRO"" Nasal swab (our typical FisherBrand swabs)",S-1043,USDA Validation,Tiffany Wolf,"USDA, Ames, IA",,6.13.25,Alzoc,4,1,,SG,7.31.25,,,,,
,3405,B-120,51 MPI,USDA/Greenlee samples,"""MNPRO"" Nasal swab (our typical FisherBrand swabs)",S-1044,USDA Validation,Tiffany Wolf,"USDA, Ames, IA",,6.13.25,Alzoc,4,1,,SG,7.31.25,,,,,
,3406,O-37,51 MPI,USDA/Greenlee samples,"""MNPRO"" Nasal swab (our typical FisherBrand swabs)",S-1045,USDA Validation,Tiffany Wolf,"USDA, Ames, IA",,6.13.25,Alzoc,4,1,,SG,7.31.25,,,,,
,3407,1946,51 MPI,USDA/Greenlee samples,"""MNPRO"" Nasal swab (our typical FisherBrand swabs)",S-1046,USDA Validation,Tiffany Wolf,"USDA, Ames, IA",,6.13.25,Alzoc,4,1,,SG,7.31.25,,,,,
,3408,B-109,51 MPI,USDA/Greenlee samples,"""MNPRO"" Nasal swab (our typical FisherBrand swabs)",S-1047,USDA Validation,Tiffany Wolf,"USDA, Ames, IA",,6.13.25,Alzoc,4,1,,SG,7.31.25,,,,,
,3409,B-155,51 MPI,USDA/Greenlee samples,"""MNPRO"" Nasal swab (our typical FisherBrand swabs)",S-1048,USDA Validation,Tiffany Wolf,"USDA, Ames, IA",,6.13.25,Alzoc,4,1,,SG,7.31.25,,,,,
,3397,Y-15,63 MPI,USDA/Greenlee samples,"""MNPRO"" Nasal swab (our typical FisherBrand swabs)",S-1049,USDA Validation,Tiffany Wolf,"USDA, Ames, IA",,6.13.25,Alzoc,4,1,,SG,7.31.25,,,,,
,3398,B-204,63 MPI,USDA/Greenlee samples,"""MNPRO"" Nasal swab (our typical FisherBrand swabs)",S-1050,USDA Validation,Tiffany Wolf,"USDA, Ames, IA",,6.13.25,Alzoc,4,1,,SG,7.31.25,,,,,
,3399,B-206,63 MPI,USDA/Greenlee samples,"""MNPRO"" Nasal swab (our typical FisherBrand swabs)",S-1051,USDA Validation,Tiffany Wolf,"USDA, Ames, IA",,6.13.25,Alzoc,4,1,,SG,7.31.25,,,,,
,3400,B-199,63 MPI,USDA/Greenlee samples,"""MNPRO"" Nasal swab (our typical FisherBrand swabs)",S-1052,USDA Validation,Tiffany Wolf,"USDA, Ames, IA",,6.13.25,Alzoc,4,1,,SG,7.31.25,,,,,
,3401,Y-23,63 MPI,USDA/Greenlee samples,"""MNPRO"" Nasal swab (our typical FisherBrand swabs)",S-1053,USDA Validation,Tiffany Wolf,"USDA, Ames, IA",,6.13.25,Alzoc,4,1,,SG,7.31.25,,,,,
,3402,B-158,63 MPI,USDA/Greenlee samples,"""MNPRO"" Nasal swab (our typical FisherBrand swabs)",S-1054,USDA Validation,Tiffany Wolf,"USDA, Ames, IA",,6.13.25,Alzoc,4,1,,SG,7.31.25,,,,,
,3403,B-161,63 MPI,USDA/Greenlee samples,"""MNPRO"" Nasal swab (our typical FisherBrand swabs)",S-1055,USDA Validation,Tiffany Wolf,"USDA, Ames, IA",,6.13.25,Alzoc,4,1,,SG,7.31.25,,,,,
,3404,B-119,63 MPI,USDA/Greenlee samples,"""MNPRO"" Nasal swab (our typical FisherBrand swabs)",S-1056,USDA Validation,Tiffany Wolf,"USDA, Ames, IA",,6.13.25,Alzoc,4,1,,SG,7.31.25,,,,,
,,B-120,63 MPI,USDA/Greenlee samples,"""MNPRO"" Nasal swab (our typical FisherBrand swabs)",S-1057,USDA Validation,Tiffany Wolf,"USDA, Ames, IA",,6.13.25,Alzoc,4,1,,SG,8.1.25,,,,,
,,O-37,63 MPI,USDA/Greenlee samples,"""MNPRO"" Nasal swab (our typical FisherBrand swabs)",S-1058,USDA Validation,Tiffany Wolf,"USDA, Ames, IA",,6.13.25,Alzoc,4,1,,SG,8.1.25,,,,,
,,1946,63 MPI,USDA/Greenlee samples,"""MNPRO"" Nasal swab (our typical FisherBrand swabs)",S-1059,USDA Validation,Tiffany Wolf,"USDA, Ames, IA",,6.13.25,Alzoc,4,1,,SG,8.1.25,,,,,
,,B-109,63 MPI,USDA/Greenlee samples,"""MNPRO"" Nasal swab (our typical FisherBrand swabs)",S-1060,USDA Validation,Tiffany Wolf,"USDA, Ames, IA",,6.13.25,Alzoc,4,1,,SG,8.1.25,,,,,
,,B-155,63 MPI,USDA/Greenlee samples,"""MNPRO"" Nasal swab (our typical FisherBrand swabs)",S-1061,USDA Validation,Tiffany Wolf,"USDA, Ames, IA",,6.13.25,Alzoc,4,1,,SG,8.1.25,,,,,
,,B-146,51 MPI,USDA/Greenlee samples,"""MNPRO"" oral swab (our typical FisherBrand swabs)",S-1062,USDA Validation,Tiffany Wolf,"USDA, Ames, IA",,6.13.25,Alzoc,4,1,,SG,8.1.25,GR,8.21.25,"RT-1, Nano-2",,
,,1901,51 MPI,USDA/Greenlee samples,"""MNPRO"" oral swab (our typical FisherBrand swabs)",S-1063,USDA Validation,Tiffany Wolf,"USDA, Ames, IA",,6.13.25,Alzoc,4,1,,SG,8.1.25,GR,8.21.25,"RT-1, Nano-2",,
,,Y-16,51 MPI,USDA/Greenlee samples,"""MNPRO"" oral swab (our typical FisherBrand swabs)",S-1064,USDA Validation,Tiffany Wolf,"USDA, Ames, IA",,6.13.25,Alzoc,4,1,,SG,8.1.25,GR,8.21.25,"RT-1, Nano-2",,
,,Y-15,51 MPI,USDA/Greenlee samples,"""MNPRO"" oral swab (our typical FisherBrand swabs)",S-1065,USDA Validation,Tiffany Wolf,"USDA, Ames, IA",,6.13.25,Alzoc,4,1,,SG,8.1.25,GR,8.21.25,"RT-1, Nano-2",,
,,B-204,51 MPI,USDA/Greenlee samples,"""MNPRO"" oral swab (our typical FisherBrand swabs)",S-1066,USDA Validation,Tiffany Wolf,"USDA, Ames, IA",,6.13.25,Alzoc,4,1,,SG,8.1.25,GR,8.21.25,"RT-1, Nano-2",,
,,B-206,51 MPI,USDA/Greenlee samples,"""MNPRO"" oral swab (our typical FisherBrand swabs)",S-1067,USDA Validation,Tiffany Wolf,"USDA, Ames, IA",,6.13.25,Alzoc,4,1,,SG,8.1.25,GR,8.21.25,"RT-1, Nano-2",,
,,B-199,51 MPI,USDA/Greenlee samples,"""MNPRO"" oral swab (our typical FisherBrand swabs)",S-1068,USDA Validation,Tiffany Wolf,"USDA, Ames, IA",,6.13.25,Alzoc,4,1,,SG,8.1.25,GR,8.21.25,"RT-1, Nano-2",,
,,Y-23,51 MPI,USDA/Greenlee samples,"""MNPRO"" oral swab (our typical FisherBrand swabs)",S-1069,USDA Validation,Tiffany Wolf,"USDA, Ames, IA",,6.13.25,Alzoc,4,1,,SG,8.1.25,GR,8.21.25,"RT-1, Nano-2",,
,,B-158,51 MPI,USDA/Greenlee samples,"""MNPRO"" oral swab (our typical FisherBrand swabs)",S-1070,USDA Validation,Tiffany Wolf,"USDA, Ames, IA",,6.13.25,Alzoc,4,1,,SG,8.1.25,GR,8.21.25,"RT-1, Nano-2",,
,,B-161,51 MPI,USDA/Greenlee samples,"""MNPRO"" oral swab (our typical FisherBrand swabs)",S-1071,USDA Validation,Tiffany Wolf,"USDA, Ames, IA",,6.13.25,Alzoc,4,1,,SG,8.1.25,GR,8.21.25,"RT-1, Nano-2",,
,,B-119,51 MPI,USDA/Greenlee samples,"""MNPRO"" oral swab (our typical FisherBrand swabs)",S-1072,USDA Validation,Tiffany Wolf,"USDA, Ames, IA",,6.13.25,Alzoc,4,1,,SG,8.1.25,GR,8.21.25,"RT-1, Nano-2",,
,,B-120,51 MPI,USDA/Greenlee samples,"""MNPRO"" oral swab (our typical FisherBrand swabs)",S-1073,USDA Validation,Tiffany Wolf,"USDA, Ames, IA",,6.13.25,Alzoc,4,1,,SG,8.1.25,GR,8.21.25,"RT-1, Nano-2",,
,,O-37,51 MPI,USDA/Greenlee samples,"""MNPRO"" oral swab (our typical FisherBrand swabs)",S-1074,USDA Validation,Tiffany Wolf,"USDA, Ames, IA",,6.13.25,Alzoc,4,1,,SG,8.1.25,GR,8.21.25,"RT-1, Nano-2",,
,,1946,51 MPI,USDA/Greenlee samples,"""MNPRO"" oral swab (our typical FisherBrand swabs)",S-1075,USDA Validation,Tiffany Wolf,"USDA, Ames, IA",,6.13.25,Alzoc,4,1,,SG,8.1.25,GR,8.21.25,"RT-1, Nano-2",,
,,B-109,51 MPI,USDA/Greenlee samples,"""MNPRO"" oral swab (our typical FisherBrand swabs)",S-1076,USDA Validation,Tiffany Wolf,"USDA, Ames, IA",,6.13.25,Alzoc,4,1,,SG,8.1.25,GR,8.21.25,"RT-1, Nano-2",,
,,B-155,51 MPI,USDA/Greenlee samples,"""MNPRO"" oral swab (our typical FisherBrand swabs)",S-1077,USDA Validation,Tiffany Wolf,"USDA, Ames, IA",,6.13.25,Alzoc,4,1,,SG,8.1.25,GR,8.21.25,"RT-1, Nano-2",,
,,Y-15,63 MPI,USDA/Greenlee samples,"""MNPRO"" oral swab (our typical FisherBrand swabs)",S-1078,USDA Validation,Tiffany Wolf,"USDA, Ames, IA",,6.13.25,Alzoc,4,1,,SG,8.1.25,GR,8.21.25,"RT-1, Nano-2",,
,,B-204,63 MPI,USDA/Greenlee samples,"""MNPRO"" oral swab (our typical FisherBrand swabs)",S-1079,USDA Validation,Tiffany Wolf,"USDA, Ames, IA",,6.13.25,Alzoc,4,1,,SG,8.1.25,GR,8.21.25,"RT-1, Nano-2",,
,,B-206,63 MPI,USDA/Greenlee samples,"""MNPRO"" oral swab (our typical FisherBrand swabs)",S-1080,USDA Validation,Tiffany Wolf,"USDA, Ames, IA",,6.13.25,Alzoc,4,1,,SG,8.1.25,GR,8.21.25,"RT-1, Nano-2",,
,,1942,6 MPI,USDA/Greenlee samples,NADC oral swab,S-1081,USDA Validation,Tiffany Wolf,"USDA, Ames, IA",,,,,,,NAL,,GR,8.21.25,"RT-1, Nano-2",,
,,B-146,6 MPI,USDA/Greenlee samples,NADC oral swab,S-1082,USDA Validation,Tiffany Wolf,"USDA, Ames, IA",,,,,,,NAL,,GR,8.21.25,"RT-1, Nano-2",,
,,1945,6 MPI,USDA/Greenlee samples,NADC oral swab,S-1083,USDA Validation,Tiffany Wolf,"USDA, Ames, IA",,,,,,,NAL,,GR,8.21.25,"RT-1, Nano-2",,
,,B-112,6 MPI,USDA/Greenlee samples,NADC oral swab,S-1084,USDA Validation,Tiffany Wolf,"USDA, Ames, IA",,,,,,,NAL,,GR,8.21.25,"RT-6, Nano-13",,
,,B-121,6 MPI,USDA/Greenlee samples,NADC oral swab,S-1085,USDA Validation,Tiffany Wolf,"USDA, Ames, IA",,,,,,,NAL,,GR,8.21.25,"RT-6, Nano-13",,
,,B-166,6 MPI,USDA/Greenlee samples,NADC oral swab,S-1086,USDA Validation,Tiffany Wolf,"USDA, Ames, IA",,,,,,,NAL,,GR,8.21.25,"RT-6, Nano-13",,
,,1901,6 MPI,USDA/Greenlee samples,NADC oral swab,S-1087,USDA Validation,Tiffany Wolf,"USDA, Ames, IA",,,,,,,NAL,,GR,8.21.25,"RT-6, Nano-13",,
,,1941,6 MPI,USDA/Greenlee samples,NADC oral swab,S-1088,USDA Validation,Tiffany Wolf,"USDA, Ames, IA",,,,,,,NAL,,GR,8.21.25,"RT-6, Nano-13",,
,,1944,6 MPI,USDA/Greenlee samples,NADC oral swab,S-1089,USDA Validation,Tiffany Wolf,"USDA, Ames, IA",,,,,,,NAL,,GR,8.21.25,"RT-6, Nano-13",,
,,Y-16,6 MPI,USDA/Greenlee samples,NADC oral swab,S-1090,USDA Validation,Tiffany Wolf,"USDA, Ames, IA",,,,,,,NAL,,GR,8.21.25,"RT-6, Nano-13",,
,,Y-18,6 MPI,USDA/Greenlee samples,NADC oral swab,S-1091,USDA Validation,Tiffany Wolf,"USDA, Ames, IA",,,,,,,NAL,,GR,8.21.25,"RT-6, Nano-13",,
,,1905,6 MPI,USDA/Greenlee samples,NADC oral swab,S-1092,USDA Validation,Tiffany Wolf,"USDA, Ames, IA",,,,,,,NAL,,GR,8.21.25,"RT-6, Nano-13",,
,,B-167,6 MPI,USDA/Greenlee samples,NADC oral swab,S-1093,USDA Validation,Tiffany Wolf,"USDA, Ames, IA",,,,,,,NAL,,GR,8.21.25,"RT-6, Nano-13",,
,,1904,6 MPI,USDA/Greenlee samples,NADC oral swab,S-1094,USDA Validation,Tiffany Wolf,"USDA, Ames, IA",,,,,,,NAL,,GR,8.21.25,"RT-6, Nano-13",,
,,1943,6 MPI,USDA/Greenlee samples,NADC oral swab,S-1095,USDA Validation,Tiffany Wolf,"USDA, Ames, IA",,,,,,,NAL,,GR,8.21.25,"RT-6, Nano-13",,
,,O-39,6 MPI,USDA/Greenlee samples,NADC oral swab,S-1096,USDA Validation,Tiffany Wolf,"USDA, Ames, IA",,,,,,,NAL,,GR,8.21.25,"RT-6, Nano-13",,
,,Y-15,6 MPI,USDA/Greenlee samples,NADC oral swab,S-1097,USDA Validation,Tiffany Wolf,"USDA, Ames, IA",,,,,,,NAL,,GR,8.21.25,"RT-6, Nano-13",,
,,B-204,6 MPI,USDA/Greenlee samples,NADC oral swab,S-1098,USDA Validation,Tiffany Wolf,"USDA, Ames, IA",,,,,,,NAL,,GR,8.21.25,"RT-6, Nano-13",,
,,B-206,6 MPI,USDA/Greenlee samples,NADC oral swab,S-1099,USDA Validation,Tiffany Wolf,"USDA, Ames, IA",,,,,,,NAL,,GR,8.21.25,"RT-6, Nano-13",,
,,B-199,6 MPI,USDA/Greenlee samples,NADC oral swab,S-1100,USDA Validation,Tiffany Wolf,"USDA, Ames, IA",,,,,,,NAL,,GR,8.21.25,"RT-6, Nano-13",,
,,Y-23,6 MPI,USDA/Greenlee samples,NADC oral swab,S-1101,USDA Validation,Tiffany Wolf,"USDA, Ames, IA",,,,,,,NAL,,GR,8.21.25,"RT-6, Nano-13",,
,,B-158,6 MPI,USDA/Greenlee samples,NADC oral swab,S-1102,USDA Validation,Tiffany Wolf,"USDA, Ames, IA",,,,,,,NAL,,GR,8.21.25,"RT-6, Nano-13",,
,,B-161,6 MPI,USDA/Greenlee samples,NADC oral swab,S-1103,USDA Validation,Tiffany Wolf,"USDA, Ames, IA",,,,,,,NAL,,GR,8.21.25,"RT-6, Nano-13",,
,,B-119,6 MPI,USDA/Greenlee samples,NADC oral swab,S-1104,USDA Validation,Tiffany Wolf,"USDA, Ames, IA",,,,,,,NAL,,GR,8.21.25,"RT-6, Nano-13",,
,,B-120,6 MPI,USDA/Greenlee samples,NADC oral swab,S-1105,USDA Validation,Tiffany Wolf,"USDA, Ames, IA",,,,,,,NAL,,GR,8.21.25,"RT-6, Nano-13",,
,,O-37,6 MPI,USDA/Greenlee samples,NADC oral swab,S-1106,USDA Validation,Tiffany Wolf,"USDA, Ames, IA",,,,,,,NAL,,,,,,
,,1946,6 MPI,USDA/Greenlee samples,NADC oral swab,S-1107,USDA Validation,Tiffany Wolf,"USDA, Ames, IA",,,,,,,NAL,,,,,,
,,B-109,6 MPI,USDA/Greenlee samples,NADC oral swab,S-1108,USDA Validation,Tiffany Wolf,"USDA, Ames, IA",,,,,,,NAL,,,,,,
,,B-155,6 MPI,USDA/Greenlee samples,NADC oral swab,S-1109,USDA Validation,Tiffany Wolf,"USDA, Ames, IA",,,,,,,NAL,,,,,,
,,1942,6 MPI,USDA/Greenlee samples,NADC nasal swab,S-1110,USDA Validation,Tiffany Wolf,"USDA, Ames, IA",,,,,,,NAL,,,,,,
,,B-146,6 MPI,USDA/Greenlee samples,NADC nasal swab,S-1111,USDA Validation,Tiffany Wolf,"USDA, Ames, IA",,,,,,,NAL,,,,,,
,,1945,6 MPI,USDA/Greenlee samples,NADC nasal swab,S-1112,USDA Validation,Tiffany Wolf,"USDA, Ames, IA",,,,,,,NAL,,,,,,
,,B-112,6 MPI,USDA/Greenlee samples,NADC nasal swab,S-1113,USDA Validation,Tiffany Wolf,"USDA, Ames, IA",,,,,,,NAL,,,,,,
,,B-121,6 MPI,USDA/Greenlee samples,NADC nasal swab,S-1114,USDA Validation,Tiffany Wolf,"USDA, Ames, IA",,,,,,,NAL,,,,,,
,,B-166,6 MPI,USDA/Greenlee samples,NADC nasal swab,S-1115,USDA Validation,Tiffany Wolf,"USDA, Ames, IA",,,,,,,NAL,,,,,,
,,1901,6 MPI,USDA/Greenlee samples,NADC nasal swab,S-1116,USDA Validation,Tiffany Wolf,"USDA, Ames, IA",,,,,,,NAL,,,,,,
,,1941,6 MPI,USDA/Greenlee samples,NADC nasal swab,S-1117,USDA Validation,Tiffany Wolf,"USDA, Ames, IA",,,,,,,NAL,,,,,,
,,1944,6 MPI,USDA/Greenlee samples,NADC nasal swab,S-1118,USDA Validation,Tiffany Wolf,"USDA, Ames, IA",,,,,,,NAL,,,,,,
,,Y-16,6 MPI,USDA/Greenlee samples,NADC nasal swab,S-1119,USDA Validation,Tiffany Wolf,"USDA, Ames, IA",,,,,,,NAL,,,,,,
,,Y-18,6 MPI,USDA/Greenlee samples,NADC nasal swab,S-1120,USDA Validation,Tiffany Wolf,"USDA, Ames, IA",,,,,,,NAL,,,,,,
,,1905,6 MPI,USDA/Greenlee samples,NADC nasal swab,S-1121,USDA Validation,Tiffany Wolf,"USDA, Ames, IA",,,,,,,NAL,,,,,,
,,B-167,6 MPI,USDA/Greenlee samples,NADC nasal swab,S-1122,USDA Validation,Tiffany Wolf,"USDA, Ames, IA",,,,,,,NAL,,,,,,
,,1904,6 MPI,USDA/Greenlee samples,NADC nasal swab,S-1123,USDA Validation,Tiffany Wolf,"USDA, Ames, IA",,,,,,,NAL,,,,,,
,,1943,6 MPI,USDA/Greenlee samples,NADC nasal swab,S-1124,USDA Validation,Tiffany Wolf,"USDA, Ames, IA",,,,,,,NAL,,,,,,
,,O-39,6 MPI,USDA/Greenlee samples,NADC nasal swab,S-1125,USDA Validation,Tiffany Wolf,"USDA, Ames, IA",,,,,,,NAL,,,,,,
,,Y-15,6 MPI,USDA/Greenlee samples,NADC nasal swab,S-1126,USDA Validation,Tiffany Wolf,"USDA, Ames, IA",,,,,,,NAL,,,,,,
,,B-204,6 MPI,USDA/Greenlee samples,NADC nasal swab,S-1127,USDA Validation,Tiffany Wolf,"USDA, Ames, IA",,,,,,,NAL,,,,,,
,,B-206,6 MPI,USDA/Greenlee samples,NADC nasal swab,S-1128,USDA Validation,Tiffany Wolf,"USDA, Ames, IA",,,,,,,NAL,,,,,,
,,B-199,6 MPI,USDA/Greenlee samples,NADC nasal swab,S-1129,USDA Validation,Tiffany Wolf,"USDA, Ames, IA",,,,,,,NAL,,,,,,
,,Y-23,6 MPI,USDA/Greenlee samples,NADC nasal swab,S-1130,USDA Validation,Tiffany Wolf,"USDA, Ames, IA",,,,,,,NAL,,,,,,
,,B-158,6 MPI,USDA/Greenlee samples,NADC nasal swab,S-1131,USDA Validation,Tiffany Wolf,"USDA, Ames, IA",,,,,,,NAL,,,,,,
,,B-161,6 MPI,USDA/Greenlee samples,NADC nasal swab,S-1132,USDA Validation,Tiffany Wolf,"USDA, Ames, IA",,,,,,,NAL,,,,,,
,,B-119,6 MPI,USDA/Greenlee samples,NADC nasal swab,S-1133,USDA Validation,Tiffany Wolf,"USDA, Ames, IA",,,,,,,NAL,,,,,,
,,B-120,6 MPI,USDA/Greenlee samples,NADC nasal swab,S-1134,USDA Validation,Tiffany Wolf,"USDA, Ames, IA",,,,,,,NAL,,,,,,
,,O-37,6 MPI,USDA/Greenlee samples,NADC nasal swab,S-1135,USDA Validation,Tiffany Wolf,"USDA, Ames, IA",,,,,,,NAL,,,,,,
,,1946,6 MPI,USDA/Greenlee samples,NADC nasal swab,S-1136,USDA Validation,Tiffany Wolf,"USDA, Ames, IA",,,,,,,NAL,,,,,,
,,B-109,6 MPI,USDA/Greenlee samples,NADC nasal swab,S-1137,USDA Validation,Tiffany Wolf,"USDA, Ames, IA",,,,,,,NAL,,,,,,
,,B-155,6 MPI,USDA/Greenlee samples,NADC nasal swab,S-1138,USDA Validation,Tiffany Wolf,"USDA, Ames, IA",,,,,,,NAL,,,,,,
,,1942,0 MPI,USDA/Greenlee samples,NADC nasal swab,S-1139,USDA Validation,Tiffany Wolf,"USDA, Ames, IA",,,Alzoc,1,6,Oral/Nasal Swabs 0MPI,GR,,,,,,
,,B-166,0 MPI,USDA/Greenlee samples,NADC oral swab,S-1140,USDA Validation,Tiffany Wolf,"USDA, Ames, IA",,,Alzoc,1,6,Oral/Nasal Swabs 0MPI,GR,,GR,8.19.25,"RT-8, Nano-9",,
,,Y-16,0 MPI,USDA/Greenlee samples,NADC nasal swab,S-1141,USDA Validation,Tiffany Wolf,"USDA, Ames, IA",,,Alzoc,1,6,Oral/Nasal Swabs 0MPI,GR,,,,,,
,,B-109,0 MPI,USDA/Greenlee samples,NADC nasal swab,S-1142,USDA Validation,Tiffany Wolf,"USDA, Ames, IA",,,Alzoc,1,6,Oral/Nasal Swabs 0MPI,GR,,,,,,
,,1946,0 MPI,USDA/Greenlee samples,NADC oral swab,S-1143,USDA Validation,Tiffany Wolf,"USDA, Ames, IA",,,Alzoc,1,6,Oral/Nasal Swabs 0MPI,GR,,,,,,
,,B-166,0 MPI,USDA/Greenlee samples,NADC nasal swab,S-1144,USDA Validation,Tiffany Wolf,"USDA, Ames, IA",,,Alzoc,1,6,Oral/Nasal Swabs 0MPI,GR,,,,,,
,,1905,0 MPI,USDA/Greenlee samples,NADC oral swab,S-1145,USDA Validation,Tiffany Wolf,"USDA, Ames, IA",,,Alzoc,1,6,Oral/Nasal Swabs 0MPI,GR,,GR,8.19.25,"RT-8, Nano-9",,
,,B-158,0 MPI,USDA/Greenlee samples,NADC oral swab,S-1146,USDA Validation,Tiffany Wolf,"USDA, Ames, IA",,,Alzoc,1,6,Oral/Nasal Swabs 0MPI,GR,,,,,,
,,B-199,0 MPI,USDA/Greenlee samples,NADC nasal swab,S-1147,USDA Validation,Tiffany Wolf,"USDA, Ames, IA",,,Alzoc,1,6,Oral/Nasal Swabs 0MPI,GR,,,,,,
,,1941,0 MPI,USDA/Greenlee samples,NADC oral swab,S-1148,USDA Validation,Tiffany Wolf,"USDA, Ames, IA",,,Alzoc,1,6,Oral/Nasal Swabs 0MPI,GR,,,,,,
,,B-121,0 MPI,USDA/Greenlee samples,NADC nasal swab,S-1149,USDA Validation,Tiffany Wolf,"USDA, Ames, IA",,,Alzoc,1,6,Oral/Nasal Swabs 0MPI,GR,,,,,,
,,B-204,0 MPI,USDA/Greenlee samples,NADC nasal swab,S-1150,USDA Validation,Tiffany Wolf,"USDA, Ames, IA",,,Alzoc,1,6,Oral/Nasal Swabs 0MPI,GR,,,,,,
,,1944,0 MPI,USDA/Greenlee samples,NADC oral swab,S-1151,USDA Validation,Tiffany Wolf,"USDA, Ames, IA",,,Alzoc,1,6,Oral/Nasal Swabs 0MPI,GR,,,,,,
,,1946,0 MPI,USDA/Greenlee samples,NADC nasal swab,S-1152,USDA Validation,Tiffany Wolf,"USDA, Ames, IA",,,Alzoc,1,6,Oral/Nasal Swabs 0MPI,GR,,,,,,
,,Y-15,0 MPI,USDA/Greenlee samples,NADC oral swab,S-1153,USDA Validation,Tiffany Wolf,"USDA, Ames, IA",,,Alzoc,1,6,Oral/Nasal Swabs 0MPI,GR,,GR,8.19.25,"RT-8, Nano-9",,
,,Y-18,0 MPI,USDA/Greenlee samples,NADC oral swab,S-1154,USDA Validation,Tiffany Wolf,"USDA, Ames, IA",,,Alzoc,1,6,Oral/Nasal Swabs 0MPI,GR,,,,,,
,,B-161,0 MPI,USDA/Greenlee samples,NADC oral swab,S-1155,USDA Validation,Tiffany Wolf,"USDA, Ames, IA",,,Alzoc,1,6,Oral/Nasal Swabs 0MPI,GR,,,,,,
,,B-161,0 MPI,USDA/Greenlee samples,NADC nasal swab,S-1156,USDA Validation,Tiffany Wolf,"USDA, Ames, IA",,,Alzoc,1,6,Oral/Nasal Swabs 0MPI,GR,,,,,,
,,B-119,0 MPI,USDA/Greenlee samples,NADC nasal swab,S-1157,USDA Validation,Tiffany Wolf,"USDA, Ames, IA",,,Alzoc,1,6,Oral/Nasal Swabs 0MPI,GR,,,,,,
,,1941,0 MPI,USDA/Greenlee samples,NADC nasal swab,S-1158,USDA Validation,Tiffany Wolf,"USDA, Ames, IA",,,Alzoc,1,6,Oral/Nasal Swabs 0MPI,GR,,,,,,
,,1944,0 MPI,USDA/Greenlee samples,NADC nasal swab,S-1159,USDA Validation,Tiffany Wolf,"USDA, Ames, IA",,,Alzoc,1,6,Oral/Nasal Swabs 0MPI,GR,,,,,,
,,B-206,0 MPI,USDA/Greenlee samples,NADC oral swab,S-1160,USDA Validation,Tiffany Wolf,"USDA, Ames, IA",,,Alzoc,1,6,Oral/Nasal Swabs 0MPI,GR,,GR,8.19.25,"RT-8, Nano-9",,
,,B-227,0 MPI,USDA/Greenlee samples,NADC oral swab,S-1161,USDA Validation,Tiffany Wolf,"USDA, Ames, IA",,,Alzoc,1,6,Oral/Nasal Swabs 0MPI,GR,,,,,,
,,B-146,0 MPI,USDA/Greenlee samples,NADC oral swab,S-1162,USDA Validation,Tiffany Wolf,"USDA, Ames, IA",,,Alzoc,1,6,Oral/Nasal Swabs 0MPI,GR,,,,,,
,,Y-23,0 MPI,USDA/Greenlee samples,NADC oral swab,S-1163,USDA Validation,Tiffany Wolf,"USDA, Ames, IA",,,Alzoc,1,6,Oral/Nasal Swabs 0MPI,GR,,,,,,
,,O-37,0 MPI,USDA/Greenlee samples,NADC oral swab,S-1164,USDA Validation,Tiffany Wolf,"USDA, Ames, IA",,,Alzoc,1,6,Oral/Nasal Swabs 0MPI,GR,,,,,,
,,1942,0 MPI,USDA/Greenlee samples,NADC oral swab,S-1165,USDA Validation,Tiffany Wolf,"USDA, Ames, IA",,,Alzoc,1,6,Oral/Nasal Swabs 0MPI,GR,,GR,8.19.25,"RT-8, Nano-9",,
,,1945,0 MPI,USDA/Greenlee samples,NADC oral swab,S-1166,USDA Validation,Tiffany Wolf,"USDA, Ames, IA",,,Alzoc,1,6,Oral/Nasal Swabs 0MPI,GR,,GR,8.19.25,"RT-8, Nano-9",,
,,1901,0 MPI,USDA/Greenlee samples,NADC nasal swab,S-1167,USDA Validation,Tiffany Wolf,"USDA, Ames, IA",,,Alzoc,1,6,Oral/Nasal Swabs 0MPI,GR,,,,,,
,,1905,0 MPI,USDA/Greenlee samples,NADC nasal swab,S-1168,USDA Validation,Tiffany Wolf,"USDA, Ames, IA",,,Alzoc,1,6,Oral/Nasal Swabs 0MPI,GR,,,,,,
,,Y-16,0 MPI,USDA/Greenlee samples,NADC oral swab,S-1169,USDA Validation,Tiffany Wolf,"USDA, Ames, IA",,,Alzoc,1,6,Oral/Nasal Swabs 0MPI,GR,,,,,,
,,B-120,0 MPI,USDA/Greenlee samples,NADC oral swab,S-1170,USDA Validation,Tiffany Wolf,"USDA, Ames, IA",,,Alzoc,1,6,Oral/Nasal Swabs 0MPI,GR,,,,,,
,,B-146,0 MPI,USDA/Greenlee samples,NADC nasal swab,S-1171,USDA Validation,Tiffany Wolf,"USDA, Ames, IA",,,Alzoc,1,6,Oral/Nasal Swabs 0MPI,GR,,,,,,
,,B-109,0 MPI,USDA/Greenlee samples,NADC oral swab,S-1172,USDA Validation,Tiffany Wolf,"USDA, Ames, IA",,,Alzoc,1,6,Oral/Nasal Swabs 0MPI,GR,,,,,,
,,Y-15,0 MPI,USDA/Greenlee samples,NADC nasal swab,S-1173,USDA Validation,Tiffany Wolf,"USDA, Ames, IA",,,Alzoc,1,6,Oral/Nasal Swabs 0MPI,GR,,,,,,
,,B-120,0 MPI,USDA/Greenlee samples,NADC nasal swab,S-1174,USDA Validation,Tiffany Wolf,"USDA, Ames, IA",,,Alzoc,1,6,Oral/Nasal Swabs 0MPI,GR,,,,,,
,,B-112,0 MPI,USDA/Greenlee samples,NADC oral swab,S-1175,USDA Validation,Tiffany Wolf,"USDA, Ames, IA",,,Alzoc,1,6,Oral/Nasal Swabs 0MPI,GR,,,,,,
,,O-37,0 MPI,USDA/Greenlee samples,NADC nasal swab,S-1176,USDA Validation,Tiffany Wolf,"USDA, Ames, IA",,,Alzoc,1,6,Oral/Nasal Swabs 0MPI,GR,,,,,,
,,1904,0 MPI,USDA/Greenlee samples,NADC nasal swab,S-1177,USDA Validation,Tiffany Wolf,"USDA, Ames, IA",,,Alzoc,1,6,Oral/Nasal Swabs 0MPI,GR,,,,,,
,,Y-23,0 MPI,USDA/Greenlee samples,NADC nasal swab,S-1178,USDA Validation,Tiffany Wolf,"USDA, Ames, IA",,,Alzoc,1,6,Oral/Nasal Swabs 0MPI,GR,,,,,,
,,B-155,0 MPI,USDA/Greenlee samples,NADC oral swab,S-1179,USDA Validation,Tiffany Wolf,"USDA, Ames, IA",,,Alzoc,1,6,Oral/Nasal Swabs 0MPI,GR,,,,,,
,,1943,0 MPI,USDA/Greenlee samples,NADC oral swab,S-1180,USDA Validation,Tiffany Wolf,"USDA, Ames, IA",,,Alzoc,1,6,Oral/Nasal Swabs 0MPI,GR,,,,,,
,,B-167,0 MPI,USDA/Greenlee samples,NADC nasal swab,S-1181,USDA Validation,Tiffany Wolf,"USDA, Ames, IA",,,Alzoc,1,6,Oral/Nasal Swabs 0MPI,GR,,,,,,
,,O-39,0 MPI,USDA/Greenlee samples,NADC nasal swab,S-1182,USDA Validation,Tiffany Wolf,"USDA, Ames, IA",,,Alzoc,1,6,Oral/Nasal Swabs 0MPI,GR,,,,,,
,,1901,0 MPI,USDA/Greenlee samples,NADC oral swab,S-1183,USDA Validation,Tiffany Wolf,"USDA, Ames, IA",,,Alzoc,1,6,Oral/Nasal Swabs 0MPI,GR,,,,,,
,,1943,0 MPI,USDA/Greenlee samples,NADC nasal swab,S-1184,USDA Validation,Tiffany Wolf,"USDA, Ames, IA",,,Alzoc,1,6,Oral/Nasal Swabs 0MPI,GR,,,,,,
,,1904,0 MPI,USDA/Greenlee samples,NADC oral swab,S-1185,USDA Validation,Tiffany Wolf,"USDA, Ames, IA",,,Alzoc,1,6,Oral/Nasal Swabs 0MPI,GR,,,,,,
,,B-112,0 MPI,USDA/Greenlee samples,NADC nasal swab,S-1186,USDA Validation,Tiffany Wolf,"USDA, Ames, IA",,,Alzoc,1,6,Oral/Nasal Swabs 0MPI,GR,,,,,,
,,1942,3MPI,USDA/Greenlee samples,NADC oral swab,S-1187,USDA Validation,Tiffany Wolf,"USDA, Ames, IA",,,Alzoc,4,1,,SG,8.6.25,,,,,
,,B-146,3MPI,USDA/Greenlee samples,NADC oral swab,S-1188,USDA Validation,Tiffany Wolf,"USDA, Ames, IA",,,Alzoc,4,1,,SG,8.6.25,,,,,
,,1945,3MPI,USDA/Greenlee samples,NADC oral swab,S-1189,USDA Validation,Tiffany Wolf,"USDA, Ames, IA",,,Alzoc,4,1,,SG,8.6.25,,,,,
,,B-112,3MPI,USDA/Greenlee samples,NADC oral swab,S-1190,USDA Validation,Tiffany Wolf,"USDA, Ames, IA",,,Alzoc,4,1,,SG,8.6.25,,,,,
,,B-121,3MPI,USDA/Greenlee samples,NADC oral swab,S-1191,USDA Validation,Tiffany Wolf,"USDA, Ames, IA",,,Alzoc,4,1,,SG,8.6.25,,,,,
,,B-166,3MPI,USDA/Greenlee samples,NADC oral swab,S-1192,USDA Validation,Tiffany Wolf,"USDA, Ames, IA",,,Alzoc,4,1,,SG,8.6.25,,,,,
,,1901,3MPI,USDA/Greenlee samples,NADC oral swab,S-1193,USDA Validation,Tiffany Wolf,"USDA, Ames, IA",,,Alzoc,4,1,,SG,8.6.25,,,,,
,,1941,3MPI,USDA/Greenlee samples,NADC oral swab,S-1194,USDA Validation,Tiffany Wolf,"USDA, Ames, IA",,,Alzoc,4,1,,SG,8.6.25,,,,,
,,1944,3MPI,USDA/Greenlee samples,NADC oral swab,S-1195,USDA Validation,Tiffany Wolf,"USDA, Ames, IA",,,Alzoc,4,1,,SG,8.6.25,,,,,
,,Y-16,3MPI,USDA/Greenlee samples,NADC oral swab,S-1196,USDA Validation,Tiffany Wolf,"USDA, Ames, IA",,,Alzoc,4,1,,SG,8.6.25,,,,,
,,Y-18,3MPI,USDA/Greenlee samples,NADC oral swab,S-1197,USDA Validation,Tiffany Wolf,"USDA, Ames, IA",,,Alzoc,4,1,,SG,8.6.25,,,,,
,,1905,3MPI,USDA/Greenlee samples,NADC oral swab,S-1198,USDA Validation,Tiffany Wolf,"USDA, Ames, IA",,,Alzoc,4,1,,SG,8.6.25,,,,,
,,B-167,3MPI,USDA/Greenlee samples,NADC oral swab,S-1199,USDA Validation,Tiffany Wolf,"USDA, Ames, IA",,,Alzoc,4,1,,SG,8.6.25,,,,,
,,1904,3MPI,USDA/Greenlee samples,NADC oral swab,S-1200,USDA Validation,Tiffany Wolf,"USDA, Ames, IA",,,Alzoc,4,1,,SG,8.6.25,,,,,
,,1943,3MPI,USDA/Greenlee samples,NADC oral swab,S-1201,USDA Validation,Tiffany Wolf,"USDA, Ames, IA",,,Alzoc,4,1,,SG,8.6.25,,,,,
,,O-39,3MPI,USDA/Greenlee samples,NADC oral swab,S-1202,USDA Validation,Tiffany Wolf,"USDA, Ames, IA",,,Alzoc,4,1,,SG,8.6.25,,,,,
,,Y-15,3MPI,USDA/Greenlee samples,NADC oral swab,S-1203,USDA Validation,Tiffany Wolf,"USDA, Ames, IA",,,Alzoc,4,1,,SG,8.6.25,,,,,
,,B-204,3MPI,USDA/Greenlee samples,NADC oral swab,S-1204,USDA Validation,Tiffany Wolf,"USDA, Ames, IA",,,Alzoc,4,1,,SG,8.6.25,,,,,
,,B-206,3MPI,USDA/Greenlee samples,NADC oral swab,S-1205,USDA Validation,Tiffany Wolf,"USDA, Ames, IA",,,Alzoc,4,1,,SG,8.6.25,,,,,
,,B-199,3MPI,USDA/Greenlee samples,NADC oral swab,S-1206,USDA Validation,Tiffany Wolf,"USDA, Ames, IA",,,Alzoc,4,1,,SG,8.6.25,,,,,
,,Y-23,3MPI,USDA/Greenlee samples,NADC oral swab,S-1207,USDA Validation,Tiffany Wolf,"USDA, Ames, IA",,,Alzoc,4,1,,SG,8.6.25,,,,,
,,B-158,3MPI,USDA/Greenlee samples,NADC oral swab,S-1208,USDA Validation,Tiffany Wolf,"USDA, Ames, IA",,,Alzoc,4,1,,SG,8.6.25,,,,,
,,B-161,3MPI,USDA/Greenlee samples,NADC oral swab,S-1209,USDA Validation,Tiffany Wolf,"USDA, Ames, IA",,,Alzoc,4,1,,SG,8.6.25,,,,,
,,B-119,3MPI,USDA/Greenlee samples,NADC oral swab,S-1210,USDA Validation,Tiffany Wolf,"USDA, Ames, IA",,,Alzoc,4,1,,SG,8.6.25,,,,,
,,B-120,3MPI,USDA/Greenlee samples,NADC oral swab,S-1211,USDA Validation,Tiffany Wolf,"USDA, Ames, IA",,,Alzoc,4,1,,SG,8.6.25,,,,,
,,O-37,3MPI,USDA/Greenlee samples,NADC oral swab,S-1212,USDA Validation,Tiffany Wolf,"USDA, Ames, IA",,,Alzoc,4,1,,SG,8.6.25,,,,,
,,1946,3MPI,USDA/Greenlee samples,NADC oral swab,S-1213,USDA Validation,Tiffany Wolf,"USDA, Ames, IA",,,Alzoc,4,1,,SG,8.6.25,,,,,
,,B-109,3MPI,USDA/Greenlee samples,NADC oral swab,S-1214,USDA Validation,Tiffany Wolf,"USDA, Ames, IA",,,Alzoc,4,1,,SG,8.6.25,,,,,
,,B-155,3MPI,USDA/Greenlee samples,NADC oral swab,S-1215,USDA Validation,Tiffany Wolf,"USDA, Ames, IA",,,Alzoc,4,1,,SG,8.6.25,,,,,
,,1942,9MPI,USDA/Greenlee samples,NADC oral swab,S-1216,USDA Validation,Tiffany Wolf,"USDA, Ames, IA",,,Alzoc,4,1,,SG,8.6.25,,,,,
,,B-146,9MPI,USDA/Greenlee samples,NADC oral swab,S-1217,USDA Validation,Tiffany Wolf,"USDA, Ames, IA",,,Alzoc,4,1,,SG,8.6.25,,,,,
,,1945,9MPI,USDA/Greenlee samples,NADC oral swab,S-1218,USDA Validation,Tiffany Wolf,"USDA, Ames, IA",,,Alzoc,4,1,,SG,8.6.25,,,,,
,,B-112,9MPI,USDA/Greenlee samples,NADC oral swab,S-1219,USDA Validation,Tiffany Wolf,"USDA, Ames, IA",,,Alzoc,4,1,,SG,8.6.25,,,,,
,,B-121,9MPI,USDA/Greenlee samples,NADC oral swab,S-1220,USDA Validation,Tiffany Wolf,"USDA, Ames, IA",,,Alzoc,4,1,,SG,8.6.25,,,,,
,,B-166,9MPI,USDA/Greenlee samples,NADC oral swab,S-1221,USDA Validation,Tiffany Wolf,"USDA, Ames, IA",,,Alzoc,4,1,,SG,8.6.25,,,,,
,,1901,9MPI,USDA/Greenlee samples,NADC oral swab,S-1222,USDA Validation,Tiffany Wolf,"USDA, Ames, IA",,,Alzoc,4,1,,SG,8.6.25,,,,,
,,1941,9MPI,USDA/Greenlee samples,NADC oral swab,S-1223,USDA Validation,Tiffany Wolf,"USDA, Ames, IA",,,Alzoc,4,1,,SG,8.6.25,,,,,
,,1944,9MPI,USDA/Greenlee samples,NADC oral swab,S-1224,USDA Validation,Tiffany Wolf,"USDA, Ames, IA",,,Alzoc,4,1,,SG,8.6.25,,,,,
,,Y-16,9MPI,USDA/Greenlee samples,NADC oral swab,S-1225,USDA Validation,Tiffany Wolf,"USDA, Ames, IA",,,Alzoc,4,1,,SG,8.6.25,,,,,
,,Y-18,9MPI,USDA/Greenlee samples,NADC oral swab,S-1226,USDA Validation,Tiffany Wolf,"USDA, Ames, IA",,,Alzoc,4,1,,SG,8.6.25,,,,,
,,1905,9MPI,USDA/Greenlee samples,NADC oral swab,S-1227,USDA Validation,Tiffany Wolf,"USDA, Ames, IA",,,Alzoc,4,1,,SG,8.6.25,,,,,
,,B-167,9MPI,USDA/Greenlee samples,NADC oral swab,S-1228,USDA Validation,Tiffany Wolf,"USDA, Ames, IA",,,Alzoc,4,1,,SG,8.6.25,,,,,
,,1904,9MPI,USDA/Greenlee samples,NADC oral swab,S-1229,USDA Validation,Tiffany Wolf,"USDA, Ames, IA",,,Alzoc,4,1,,SG,8.6.25,,,,,
,,1943,9MPI,USDA/Greenlee samples,NADC oral swab,S-1230,USDA Validation,Tiffany Wolf,"USDA, Ames, IA",,,Alzoc,4,1,,SG,8.6.25,,,,,
,,O-39,9MPI,USDA/Greenlee samples,NADC oral swab,S-1231,USDA Validation,Tiffany Wolf,"USDA, Ames, IA",,,Alzoc,4,1,,SG,8.6.25,,,,,
,,Y-15,9MPI,USDA/Greenlee samples,NADC oral swab,S-1232,USDA Validation,Tiffany Wolf,"USDA, Ames, IA",,,Alzoc,4,1,,SG,8.6.25,,,,,
,,B-204,9MPI,USDA/Greenlee samples,NADC oral swab,S-1233,USDA Validation,Tiffany Wolf,"USDA, Ames, IA",,,Alzoc,4,1,,SG,8.6.25,,,,,
,,B-206,9MPI,USDA/Greenlee samples,NADC oral swab,S-1234,USDA Validation,Tiffany Wolf,"USDA, Ames, IA",,,Alzoc,4,1,,SG,8.6.25,,,,,
,1,B-199,9MPI,USDA/Greenlee samples,NADC oral swab,S-1235,USDA Validation,Tiffany Wolf,"USDA, Ames, IA",,,Alzoc,4,1,,SG,8.7.25,,,,,
,2,Y-23,9MPI,USDA/Greenlee samples,NADC oral swab,S-1236,USDA Validation,Tiffany Wolf,"USDA, Ames, IA",,,Alzoc,4,1,,SG,8.7.25,,,,,
,3,B-158,9MPI,USDA/Greenlee samples,NADC oral swab,S-1237,USDA Validation,Tiffany Wolf,"USDA, Ames, IA",,,Alzoc,4,1,,SG,8.7.25,,,,,
,4,B-161,9MPI,USDA/Greenlee samples,NADC oral swab,S-1238,USDA Validation,Tiffany Wolf,"USDA, Ames, IA",,,Alzoc,4,1,,SG,8.7.25,,,,,
,5,B-119,9MPI,USDA/Greenlee samples,NADC oral swab,S-1239,USDA Validation,Tiffany Wolf,"USDA, Ames, IA",,,Alzoc,4,1,,SG,8.7.25,,,,,
,6,B-120,9MPI,USDA/Greenlee samples,NADC oral swab,S-1240,USDA Validation,Tiffany Wolf,"USDA, Ames, IA",,,Alzoc,4,1,,SG,8.7.25,,,,,
,7,O-37,9MPI,USDA/Greenlee samples,NADC oral swab,S-1241,USDA Validation,Tiffany Wolf,"USDA, Ames, IA",,,Alzoc,4,1,,SG,8.7.25,,,,,
,8,1946,9MPI,USDA/Greenlee samples,NADC oral swab,S-1242,USDA Validation,Tiffany Wolf,"USDA, Ames, IA",,,Alzoc,4,1,,SG,8.7.25,,,,,
,9,B-109,9MPI,USDA/Greenlee samples,NADC oral swab,S-1243,USDA Validation,Tiffany Wolf,"USDA, Ames, IA",,,Alzoc,4,1,,SG,8.7.25,,,,,
,10,B-155,9MPI,USDA/Greenlee samples,NADC oral swab,S-1244,USDA Validation,Tiffany Wolf,"USDA, Ames, IA",,,Alzoc,4,1,,SG,8.7.25,,,,,
,11,1942,12 MPI,USDA/Greenlee samples,NADC oral swab,S-1245,USDA Validation,Tiffany Wolf,"USDA, Ames, IA",,,Alzoc,4,1,,SG,8.7.25,,,,,
,12,B-146,12 MPI,USDA/Greenlee samples,NADC oral swab,S-1246,USDA Validation,Tiffany Wolf,"USDA, Ames, IA",,,Alzoc,4,1,,SG,8.7.25,,,,,
,13,1945,12 MPI,USDA/Greenlee samples,NADC oral swab,S-1247,USDA Validation,Tiffany Wolf,"USDA, Ames, IA",,,Alzoc,4,1,,SG,8.7.25,,,,,
,14,B-112,12 MPI,USDA/Greenlee samples,NADC oral swab,S-1248,USDA Validation,Tiffany Wolf,"USDA, Ames, IA",,,Alzoc,4,1,,SG,8.7.25,,,,,
,15,B-121,12 MPI,USDA/Greenlee samples,NADC oral swab,S-1249,USDA Validation,Tiffany Wolf,"USDA, Ames, IA",,,Alzoc,4,1,,SG,8.7.25,,,,,
,16,B-166,12 MPI,USDA/Greenlee samples,NADC oral swab,S-1250,USDA Validation,Tiffany Wolf,"USDA, Ames, IA",,,Alzoc,4,1,,SG,8.7.25,,,,,
,17,1901,12 MPI,USDA/Greenlee samples,NADC oral swab,S-1251,USDA Validation,Tiffany Wolf,"USDA, Ames, IA",,,Alzoc,4,1,,SG,8.7.25,,,,,
,18,1941,12 MPI,USDA/Greenlee samples,NADC oral swab,S-1252,USDA Validation,Tiffany Wolf,"USDA, Ames, IA",,,Alzoc,4,1,,SG,8.7.25,,,,,
,19,1944,12 MPI,USDA/Greenlee samples,NADC oral swab,S-1253,USDA Validation,Tiffany Wolf,"USDA, Ames, IA",,,Alzoc,4,1,,SG,8.7.25,,,,,
,20,Y-16,12 MPI,USDA/Greenlee samples,NADC oral swab,S-1254,USDA Validation,Tiffany Wolf,"USDA, Ames, IA",,,Alzoc,4,1,,SG,8.7.25,,,,,
,21,Y-18,12 MPI,USDA/Greenlee samples,NADC oral swab,S-1255,USDA Validation,Tiffany Wolf,"USDA, Ames, IA",,,Alzoc,4,1,,SG,8.7.25,,,,,
,22,1905,12 MPI,USDA/Greenlee samples,NADC oral swab,S-1256,USDA Validation,Tiffany Wolf,"USDA, Ames, IA",,,Alzoc,4,1,,SG,8.7.25,GR,8.19.25,"RT-8, Nano-9",,
,23,B-167,12 MPI,USDA/Greenlee samples,NADC oral swab,S-1257,USDA Validation,Tiffany Wolf,"USDA, Ames, IA",,,Alzoc,4,1,,SG,8.7.25,,,,,
,24,1904,12 MPI,USDA/Greenlee samples,NADC oral swab,S-1258,USDA Validation,Tiffany Wolf,"USDA, Ames, IA",,,Alzoc,4,1,,SG,8.7.25,,,,,
,25,1943,12 MPI,USDA/Greenlee samples,NADC oral swab,S-1259,USDA Validation,Tiffany Wolf,"USDA, Ames, IA",,,Alzoc,4,1,,SG,8.7.25,,,,,
,26,O-39,12 MPI,USDA/Greenlee samples,NADC oral swab,S-1260,USDA Validation,Tiffany Wolf,"USDA, Ames, IA",,,Alzoc,4,1,,SG,8.7.25,,,,,
,27,Y-15,12 MPI,USDA/Greenlee samples,NADC oral swab,S-1261,USDA Validation,Tiffany Wolf,"USDA, Ames, IA",,,Alzoc,4,1,,SG,8.7.25,,,,,
,28,B-204,12 MPI,USDA/Greenlee samples,NADC oral swab,S-1262,USDA Validation,Tiffany Wolf,"USDA, Ames, IA",,,Alzoc,4,1,,SG,8.7.25,,,,,
,29,B-206,12 MPI,USDA/Greenlee samples,NADC oral swab,S-1263,USDA Validation,Tiffany Wolf,"USDA, Ames, IA",,,Alzoc,4,1,,SG,8.7.25,,,,,
,30,B-199,12 MPI,USDA/Greenlee samples,NADC oral swab,S-1264,USDA Validation,Tiffany Wolf,"USDA, Ames, IA",,,Alzoc,4,1,,SG,8.7.25,,,,,
,31,Y-23,12 MPI,USDA/Greenlee samples,NADC oral swab,S-1265,USDA Validation,Tiffany Wolf,"USDA, Ames, IA",,,Alzoc,4,1,,SG,8.7.25,,,,,
,32,B-158,12 MPI,USDA/Greenlee samples,NADC oral swab,S-1266,USDA Validation,Tiffany Wolf,"USDA, Ames, IA",,,Alzoc,4,1,,SG,8.7.25,,,,,
,33,B-161,12 MPI,USDA/Greenlee samples,NADC oral swab,S-1267,USDA Validation,Tiffany Wolf,"USDA, Ames, IA",,,Alzoc,4,1,,SG,8.7.25,,,,,
,34,B-119,12 MPI,USDA/Greenlee samples,NADC oral swab,S-1268,USDA Validation,Tiffany Wolf,"USDA, Ames, IA",,,Alzoc,4,1,,SG,8.7.25,,,,,
,35,B-120,12 MPI,USDA/Greenlee samples,NADC oral swab,S-1269,USDA Validation,Tiffany Wolf,"USDA, Ames, IA",,,Alzoc,4,1,,SG,8.7.25,,,,,
,36,O-37,12 MPI,USDA/Greenlee samples,NADC oral swab,S-1270,USDA Validation,Tiffany Wolf,"USDA, Ames, IA",,,Alzoc,4,1,,SG,8.7.25,,,,,
,37,1946,12 MPI,USDA/Greenlee samples,NADC oral swab,S-1271,USDA Validation,Tiffany Wolf,"USDA, Ames, IA",,,Alzoc,4,1,,SG,8.7.25,,,,,
,38,B-109,12 MPI,USDA/Greenlee samples,NADC oral swab,S-1272,USDA Validation,Tiffany Wolf,"USDA, Ames, IA",,,Alzoc,4,1,,SG,8.7.25,,,,,
,39,B-155,12 MPI,USDA/Greenlee samples,NADC oral swab,S-1273,USDA Validation,Tiffany Wolf,"USDA, Ames, IA",,,Alzoc,4,1,,SG,8.7.25,,,,,
,40,1942,15 MPI,USDA/Greenlee samples,NADC oral swab,S-1274,USDA Validation,Tiffany Wolf,"USDA, Ames, IA",,,Alzoc,4,1,,SG,8.7.25,,,,,
,41,B-146,15 MPI,USDA/Greenlee samples,NADC oral swab,S-1275,USDA Validation,Tiffany Wolf,"USDA, Ames, IA",,,Alzoc,4,1,,SG,8.7.25,,,,,
,42,1945,15 MPI,USDA/Greenlee samples,NADC oral swab,S-1276,USDA Validation,Tiffany Wolf,"USDA, Ames, IA",,,Alzoc,4,1,,SG,8.7.25,,,,,
,43,B-112,15 MPI,USDA/Greenlee samples,NADC oral swab,S-1277,USDA Validation,Tiffany Wolf,"USDA, Ames, IA",,,Alzoc,4,1,,SG,8.7.25,,,,,
,44,B-121,15 MPI,USDA/Greenlee samples,NADC oral swab,S-1278,USDA Validation,Tiffany Wolf,"USDA, Ames, IA",,,Alzoc,4,1,,SG,8.7.25,,,,,
,45,B-166,15 MPI,USDA/Greenlee samples,NADC oral swab,S-1279,USDA Validation,Tiffany Wolf,"USDA, Ames, IA",,,Alzoc,4,1,,SG,8.7.25,,,,,
,46,1901,15 MPI,USDA/Greenlee samples,NADC oral swab,S-1280,USDA Validation,Tiffany Wolf,"USDA, Ames, IA",,,Alzoc,4,1,,SG,8.7.25,,,,,
,47,1941,15 MPI,USDA/Greenlee samples,NADC oral swab,S-1281,USDA Validation,Tiffany Wolf,"USDA, Ames, IA",,,Alzoc,4,1,,SG,8.7.25,,,,,
,48,1944,15 MPI,USDA/Greenlee samples,NADC oral swab,S-1282,USDA Validation,Tiffany Wolf,"USDA, Ames, IA",,,Alzoc,4,1,,SG,8.7.25,,,,,
,,Y-16,15 MPI,USDA/Greenlee samples,NADC oral swab,S-1283,USDA Validation,Tiffany Wolf,"USDA, Ames, IA",,,,,,,SG,8.12.25,,,,,
,,Y-18,15 MPI,USDA/Greenlee samples,NADC oral swab,S-1284,USDA Validation,Tiffany Wolf,"USDA, Ames, IA",,,,,,,SG,8.12.25,,,,,
,,1904,15 MPI,USDA/Greenlee samples,NADC oral swab,S-1285,USDA Validation,Tiffany Wolf,"USDA, Ames, IA",,,,,,,SG,8.12.25,,,,,
,,1943,15 MPI,USDA/Greenlee samples,NADC oral swab,S-1286,USDA Validation,Tiffany Wolf,"USDA, Ames, IA",,,,,,,SG,8.12.25,,,,,
,,O-39,15 MPI,USDA/Greenlee samples,NADC oral swab,S-1287,USDA Validation,Tiffany Wolf,"USDA, Ames, IA",,,,,,,SG,8.12.25,,,,,
,,Y-15,15 MPI,USDA/Greenlee samples,NADC oral swab,S-1288,USDA Validation,Tiffany Wolf,"USDA, Ames, IA",,,,,,,SG,8.12.25,,,,,
,,B-204,15 MPI,USDA/Greenlee samples,NADC oral swab,S-1289,USDA Validation,Tiffany Wolf,"USDA, Ames, IA",,,,,,,SG,8.12.25,,,,,
,,B-206,15 MPI,USDA/Greenlee samples,NADC oral swab,S-1290,USDA Validation,Tiffany Wolf,"USDA, Ames, IA",,,,,,,"accidentally given a process ID #, but this sample does not exist",,,,,,
,,B-199,15 MPI,USDA/Greenlee samples,NADC oral swab,S-1291,USDA Validation,Tiffany Wolf,"USDA, Ames, IA",,,,,,,SG,8.12.25,,,,,
,,Y-23,15 MPI,USDA/Greenlee samples,NADC oral swab,S-1292,USDA Validation,Tiffany Wolf,"USDA, Ames, IA",,,,,,,SG,8.12.25,,,,,
,,B-158,15 MPI,USDA/Greenlee samples,NADC oral swab,S-1293,USDA Validation,Tiffany Wolf,"USDA, Ames, IA",,,,,,,SG,8.12.25,,,,,
,,B-161,15 MPI,USDA/Greenlee samples,NADC oral swab,S-1294,USDA Validation,Tiffany Wolf,"USDA, Ames, IA",,,,,,,SG,8.12.25,,,,,
,,B-119,15 MPI,USDA/Greenlee samples,NADC oral swab,S-1295,USDA Validation,Tiffany Wolf,"USDA, Ames, IA",,,,,,,SG,8.12.25,,,,,
,,B-120,15 MPI,USDA/Greenlee samples,NADC oral swab,S-1296,USDA Validation,Tiffany Wolf,"USDA, Ames, IA",,,,,,,SG,8.12.25,,,,,
,,O-37,15 MPI,USDA/Greenlee samples,NADC oral swab,S-1297,USDA Validation,Tiffany Wolf,"USDA, Ames, IA",,,,,,,SG,8.12.25,,,,,
,,1946,15 MPI,USDA/Greenlee samples,NADC oral swab,S-1298,USDA Validation,Tiffany Wolf,"USDA, Ames, IA",,,,,,,SG,8.12.25,,,,,
,,B-109,15 MPI,USDA/Greenlee samples,NADC oral swab,S-1299,USDA Validation,Tiffany Wolf,"USDA, Ames, IA",,,,,,,SG,8.12.25,,,,,
,,B-155,15 MPI,USDA/Greenlee samples,NADC oral swab,S-1300,USDA Validation,Tiffany Wolf,"USDA, Ames, IA",,,,,,,SG,8.12.25,,,,,
,,1942,18 MPI,USDA/Greenlee samples,NADC oral swab,S-1301,USDA Validation,Tiffany Wolf,"USDA, Ames, IA",,,,,,,NAL,2008-07-25,,,,,
,,B-146,18 MPI,USDA/Greenlee samples,NADC oral swab,S-1302,USDA Validation,Tiffany Wolf,"USDA, Ames, IA",,,,,,,NAL,2008-07-25,,,,,
,,1945,18 MPI,USDA/Greenlee samples,NADC oral swab,S-1303,USDA Validation,Tiffany Wolf,"USDA, Ames, IA",,,,,,,NAL,2008-07-25,GR,8.19.25,"RT-8, Nano-9",,
,,B-112,18 MPI,USDA/Greenlee samples,NADC oral swab,S-1304,USDA Validation,Tiffany Wolf,"USDA, Ames, IA",,,,,,,NAL,2008-07-25,,,,,
,,B-121,18 MPI,USDA/Greenlee samples,NADC oral swab,S-1305,USDA Validation,Tiffany Wolf,"USDA, Ames, IA",,,,,,,NAL,2008-07-25,,,,,
,,B-166,18 MPI,USDA/Greenlee samples,NADC oral swab,S-1306,USDA Validation,Tiffany Wolf,"USDA, Ames, IA",,,,,,,NAL,2008-07-25,GR,8.19.25,"RT-8, Nano-9",,
,,1901,18 MPI,USDA/Greenlee samples,NADC oral swab,S-1307,USDA Validation,Tiffany Wolf,"USDA, Ames, IA",,,,,,,NAL,2008-07-25,,,,,
,,1941,18 MPI,USDA/Greenlee samples,NADC oral swab,S-1308,USDA Validation,Tiffany Wolf,"USDA, Ames, IA",,,,,,,NAL,2008-07-25,,,,,
,,1944,18 MPI,USDA/Greenlee samples,NADC oral swab,S-1309,USDA Validation,Tiffany Wolf,"USDA, Ames, IA",,,,,,,NAL,2008-07-25,,,,,
,,Y-16,18 MPI,USDA/Greenlee samples,NADC oral swab,S-1310,USDA Validation,Tiffany Wolf,"USDA, Ames, IA",,,,,,,NAL,2008-07-25,,,,,
,,Y-18,18 MPI,USDA/Greenlee samples,NADC oral swab,S-1311,USDA Validation,Tiffany Wolf,"USDA, Ames, IA",,,,,,,NAL,2008-07-25,,,,,
,,1904,18 MPI,USDA/Greenlee samples,NADC oral swab,S-1312,USDA Validation,Tiffany Wolf,"USDA, Ames, IA",,,,,,,NAL,2008-07-25,,,,,
,,1943,18 MPI,USDA/Greenlee samples,NADC oral swab,S-1313,USDA Validation,Tiffany Wolf,"USDA, Ames, IA",,,,,,,NAL,2008-07-25,,,,,
,,O-39,18 MPI,USDA/Greenlee samples,NADC oral swab,S-1314,USDA Validation,Tiffany Wolf,"USDA, Ames, IA",,,,,,,NAL,2008-07-25,GR,8.19.25,"RT-8, Nano-9",,
,,Y-15,18 MPI,USDA/Greenlee samples,NADC oral swab,S-1315,USDA Validation,Tiffany Wolf,"USDA, Ames, IA",,,,,,,NAL,2008-07-25,,,,,
,,B-204,18 MPI,USDA/Greenlee samples,NADC oral swab,S-1316,USDA Validation,Tiffany Wolf,"USDA, Ames, IA",,,,,,,NAL,2008-07-25,,,,,
,,B-206,18 MPI,USDA/Greenlee samples,NADC oral swab,S-1317,USDA Validation,Tiffany Wolf,"USDA, Ames, IA",,,,,,,NAL,2008-07-25,,,,,
,,B-199,18 MPI,USDA/Greenlee samples,NADC oral swab,S-1318,USDA Validation,Tiffany Wolf,"USDA, Ames, IA",,,,,,,NAL,2008-07-25,,,,,
,,Y-23,18 MPI,USDA/Greenlee samples,NADC oral swab,S-1319,USDA Validation,Tiffany Wolf,"USDA, Ames, IA",,,,,,,NAL,2008-07-25,,,,,
,,B-158,18 MPI,USDA/Greenlee samples,NADC oral swab,S-1320,USDA Validation,Tiffany Wolf,"USDA, Ames, IA",,,,,,,NAL,2008-07-25,,,,,
,,B-161,18 MPI,USDA/Greenlee samples,NADC oral swab,S-1321,USDA Validation,Tiffany Wolf,"USDA, Ames, IA",,,,,,,NAL,2008-07-25,,,,,
,,B-119,18 MPI,USDA/Greenlee samples,NADC oral swab,S-1322,USDA Validation,Tiffany Wolf,"USDA, Ames, IA",,,,,,,NAL,2008-07-25,,,,,
,,B-120,18 MPI,USDA/Greenlee samples,NADC oral swab,S-1323,USDA Validation,Tiffany Wolf,"USDA, Ames, IA",,,,,,,NAL,2008-07-25,,,,,
,,O-37,18 MPI,USDA/Greenlee samples,NADC oral swab,S-1324,USDA Validation,Tiffany Wolf,"USDA, Ames, IA",,,,,,,NAL,2008-07-25,,,,,
,,1946,18 MPI,USDA/Greenlee samples,NADC oral swab,S-1325,USDA Validation,Tiffany Wolf,"USDA, Ames, IA",,,,,,,NAL,2008-07-25,,,,,
,,B-109,18 MPI,USDA/Greenlee samples,NADC oral swab,S-1326,USDA Validation,Tiffany Wolf,"USDA, Ames, IA",,,,,,,NAL,2008-07-25,,,,,
,,B-155,18 MPI,USDA/Greenlee samples,NADC oral swab,S-1327,USDA Validation,Tiffany Wolf,"USDA, Ames, IA",,,,,,,NAL,2008-07-25,,,,,
,,B-155,0 MPI,USDA/Greenlee samples,NADC nasal swab,S-1328,USDA Validation,Tiffany Wolf,"USDA, Ames, IA",,,Rhen Var,3,3,,GR,2008-07-25,,,,,
,,O-39,0 MPI,USDA/Greenlee samples,NADC oral swab,S-1329,USDA Validation,Tiffany Wolf,"USDA, Ames, IA",,,Rhen Var,3,3,,GR,2008-07-25,GR,8.19.25,"RT-8, Nano-9",,
,,Y-18,0 MPI,USDA/Greenlee samples,NADC nasal swab,S-1330,USDA Validation,Tiffany Wolf,"USDA, Ames, IA",,,Rhen Var,3,3,,GR,2008-07-25,,,,,
,,1945,0 MPI,USDA/Greenlee samples,NADC nasal swab,S-1331,USDA Validation,Tiffany Wolf,"USDA, Ames, IA",,,Rhen Var,3,3,,GR,2008-07-25,,,,,
,,B-167,0 MPI,USDA/Greenlee samples,NADC oral swab,S-1332,USDA Validation,Tiffany Wolf,"USDA, Ames, IA",,,Rhen Var,3,3,,GR,2008-07-25,GR,8.19.25,"RT-8, Nano-9",,
,,B-204,0 MPI,USDA/Greenlee samples,NADC oral swab,S-1333,USDA Validation,Tiffany Wolf,"USDA, Ames, IA",,,Rhen Var,3,3,,GR,2008-07-25,GR,8.19.25,"RT-8, Nano-9",,
,,B-206,0 MPI,USDA/Greenlee samples,NADC nasal swab,S-1334,USDA Validation,Tiffany Wolf,"USDA, Ames, IA",,,Rhen Var,3,3,,GR,2008-07-25,,,,,
,,B-121,0 MPI,USDA/Greenlee samples,NADC oral swab,S-1335,USDA Validation,Tiffany Wolf,"USDA, Ames, IA",,,Rhen Var,3,3,,GR,2008-07-25,GR,8.19.25,"RT-8, Nano-9",,
,,Blue 227,0 MPI,USDA/Greenlee samples,NADC nasal swab,S-1336,USDA Validation,Tiffany Wolf,"USDA, Ames, IA",,,Rhen Var,3,3,,GR,2008-07-25,,,,,
,,B-119,0 MPI,USDA/Greenlee samples,NADC oral swab,S-1337,USDA Validation,Tiffany Wolf,"USDA, Ames, IA",,,Rhen Var,3,3,,GR,2008-07-25,,,,,
,,B-158,0 MPI,USDA/Greenlee samples,NADC nasal swab,S-1338,USDA Validation,Tiffany Wolf,"USDA, Ames, IA",,,Rhen Var,3,3,,GR,2008-07-25,,,,,
,,B-199,0 MPI,USDA/Greenlee samples,NADC oral swab,S-1339,USDA Validation,Tiffany Wolf,"USDA, Ames, IA",,,Rhen Var,3,3,,GR,2008-07-25,,,,,
,,B-121,24 MPI,USDA/Greenlee samples,NADC oral swab,S-1340,USDA Validation,Tiffany Wolf,"USDA, Ames, IA",,,Rhen Var,3,3,,SG,8.12.25,,,,,
,,1901,24 MPI,USDA/Greenlee samples,NADC oral swab,S-1341,USDA Validation,Tiffany Wolf,"USDA, Ames, IA",,,Rhen Var,3,3,,SG,8.12.25,,,,,
,,1941,24 MPI,USDA/Greenlee samples,NADC oral swab,S-1342,USDA Validation,Tiffany Wolf,"USDA, Ames, IA",,,Rhen Var,3,3,,SG,8.12.25,,,,,
,,Y-16,24 MPI,USDA/Greenlee samples,NADC oral swab,S-1343,USDA Validation,Tiffany Wolf,"USDA, Ames, IA",,,Rhen Var,3,3,,SG,8.12.25,,,,,
,,Y-18,24 MPI,USDA/Greenlee samples,NADC oral swab,S-1344,USDA Validation,Tiffany Wolf,"USDA, Ames, IA",,,Rhen Var,3,3,,SG,8.12.25,,,,,
,,1904,24 MPI,USDA/Greenlee samples,NADC oral swab,S-1345,USDA Validation,Tiffany Wolf,"USDA, Ames, IA",,,Rhen Var,3,3,,SG,8.12.25,,,,,
,,1943,24 MPI,USDA/Greenlee samples,NADC oral swab,S-1346,USDA Validation,Tiffany Wolf,"USDA, Ames, IA",,,Rhen Var,3,3,,SG,8.12.25,,,,,
,,Y-15,24 MPI,USDA/Greenlee samples,NADC oral swab,S-1347,USDA Validation,Tiffany Wolf,"USDA, Ames, IA",,,Rhen Var,3,3,,SG,8.12.25,,,,,
,,B-204,24 MPI,USDA/Greenlee samples,NADC oral swab,S-1348,USDA Validation,Tiffany Wolf,"USDA, Ames, IA",,,Rhen Var,3,3,,SG,8.12.25,,,,,
,,B-206,24 MPI,USDA/Greenlee samples,NADC oral swab,S-1349,USDA Validation,Tiffany Wolf,"USDA, Ames, IA",,,Rhen Var,3,3,,SG,8.12.25,,,,,
,,B-199,24 MPI,USDA/Greenlee samples,NADC oral swab,S-1350,USDA Validation,Tiffany Wolf,"USDA, Ames, IA",,,Rhen Var,3,3,,SG,8.12.25,,,,,
,,Y-23,24 MPI,USDA/Greenlee samples,NADC oral swab,S-1351,USDA Validation,Tiffany Wolf,"USDA, Ames, IA",,,Rhen Var,3,3,,SG,8.12.25,,,,,
,,B-158,24 MPI,USDA/Greenlee samples,NADC oral swab,S-1352,USDA Validation,Tiffany Wolf,"USDA, Ames, IA",,,Rhen Var,3,3,,SG,8.12.25,,,,,
,,B-161,24 MPI,USDA/Greenlee samples,NADC oral swab,S-1353,USDA Validation,Tiffany Wolf,"USDA, Ames, IA",,,Rhen Var,3,3,,SG,8.12.25,,,,,
,,B-119,24 MPI,USDA/Greenlee samples,NADC oral swab,S-1354,USDA Validation,Tiffany Wolf,"USDA, Ames, IA",,,Rhen Var,3,3,,SG,8.12.25,,,,,
,,B-120,24 MPI,USDA/Greenlee samples,NADC oral swab,S-1355,USDA Validation,Tiffany Wolf,"USDA, Ames, IA",,,Rhen Var,3,3,,SG,8.12.25,,,,,
,,O-37,24 MPI,USDA/Greenlee samples,NADC oral swab,S-1356,USDA Validation,Tiffany Wolf,"USDA, Ames, IA",,,Rhen Var,3,3,,SG,8.12.25,,,,,
,,1946,24 MPI,USDA/Greenlee samples,NADC oral swab,S-1357,USDA Validation,Tiffany Wolf,"USDA, Ames, IA",,,Rhen Var,3,3,,SG,8.12.25,,,,,
,,B-109,24 MPI,USDA/Greenlee samples,NADC oral swab,S-1358,USDA Validation,Tiffany Wolf,"USDA, Ames, IA",,,Rhen Var,3,3,,SG,8.12.25,,,,,
,,B-155,24 MPI,USDA/Greenlee samples,NADC oral swab,S-1359,USDA Validation,Tiffany Wolf,"USDA, Ames, IA",,,Rhen Var,3,3,,SG,8.12.25,,,,,
,,B-112,24 MPI,USDA/Greenlee samples,NADC oral swab,S-1360,USDA Validation,Tiffany Wolf,"USDA, Ames, IA",,,Rhen Var,3,3,,SG,8.12.25,,,,,
,,1942,27 MPI,USDA/Greenlee samples,NADC oral swab,S-1361,USDA Validation,Tiffany Wolf,"USDA, Ames, IA",,,Rhen Var,3,3,,SG,8.12.25,,,,,
,,B-146,27 MPI,USDA/Greenlee samples,NADC oral swab,S-1362,USDA Validation,Tiffany Wolf,"USDA, Ames, IA",,,Rhen Var,3,3,,SG,8.12.25,,,,,
,,B-112,27 MPI,USDA/Greenlee samples,NADC oral swab,S-1363,USDA Validation,Tiffany Wolf,"USDA, Ames, IA",,,Rhen Var,3,3,,SG,8.12.25,,,,,
,,B-121,27 MPI,USDA/Greenlee samples,NADC oral swab,S-1364,USDA Validation,Tiffany Wolf,"USDA, Ames, IA",,,Rhen Var,3,3,,SG,8.12.25,,,,,
,,1901,27 MPI,USDA/Greenlee samples,NADC oral swab,S-1365,USDA Validation,Tiffany Wolf,"USDA, Ames, IA",,,Rhen Var,3,3,,SG,8.12.25,,,,,
,,1941,27 MPI,USDA/Greenlee samples,NADC oral swab,S-1366,USDA Validation,Tiffany Wolf,"USDA, Ames, IA",,,Rhen Var,3,3,,SG,8.12.25,,,,,
,,1942,21 MPI,USDA/Greenlee samples,NADC oral swab,S-1367,USDA Validation,Tiffany Wolf,"USDA, Ames, IA",,,Rhen Var,3,3,,SG,8.12.25,,,,,
,,B-146,21 MPI,USDA/Greenlee samples,NADC oral swab,S-1368,USDA Validation,Tiffany Wolf,"USDA, Ames, IA",,,Rhen Var,3,3,,SG,8.12.25,,,,,
,,B-112,21 MPI,USDA/Greenlee samples,NADC oral swab,S-1369,USDA Validation,Tiffany Wolf,"USDA, Ames, IA",,,Rhen Var,3,3,,SG,8.12.25,,,,,
,,B-121,21 MPI,USDA/Greenlee samples,NADC oral swab,S-1370,USDA Validation,Tiffany Wolf,"USDA, Ames, IA",,,Rhen Var,3,3,,SG,8.12.25,,,,,
,,1901,21 MPI,USDA/Greenlee samples,NADC oral swab,S-1371,USDA Validation,Tiffany Wolf,"USDA, Ames, IA",,,Rhen Var,3,3,,GR,8.12.25,,,,,
,,1941,21 MPI,USDA/Greenlee samples,NADC oral swab,S-1372,USDA Validation,Tiffany Wolf,"USDA, Ames, IA",,,Rhen Var,3,3,,GR,8.12.25,,,,,
,,1944,21 MPI,USDA/Greenlee samples,NADC oral swab,S-1373,USDA Validation,Tiffany Wolf,"USDA, Ames, IA",,,Rhen Var,3,3,,GR,8.12.25,,,,,
,,Y-16,21 MPI,USDA/Greenlee samples,NADC oral swab,S-1374,USDA Validation,Tiffany Wolf,"USDA, Ames, IA",,,Rhen Var,3,3,,GR,8.12.25,,,,,
,,Y-18,21 MPI,USDA/Greenlee samples,NADC oral swab,S-1375,USDA Validation,Tiffany Wolf,"USDA, Ames, IA",,,Rhen Var,3,3,,GR,8.12.25,,,,,
,,B-167,21 MPI,USDA/Greenlee samples,NADC oral swab,S-1376,USDA Validation,Tiffany Wolf,"USDA, Ames, IA",,,Rhen Var,3,3,,GR,8.12.25,GR,8.19.25,"RT-8, Nano-9",,
,,1904,21 MPI,USDA/Greenlee samples,NADC oral swab,S-1377,USDA Validation,Tiffany Wolf,"USDA, Ames, IA",,,Rhen Var,3,3,,GR,8.12.25,,,,,
,,1943,21 MPI,USDA/Greenlee samples,NADC oral swab,S-1378,USDA Validation,Tiffany Wolf,"USDA, Ames, IA",,,Rhen Var,3,3,,GR,8.12.25,,,,,
,,Y-15,21 MPI,USDA/Greenlee samples,NADC oral swab,S-1379,USDA Validation,Tiffany Wolf,"USDA, Ames, IA",,,Rhen Var,3,3,,GR,8.12.25,,,,,
,,B-204,21 MPI,USDA/Greenlee samples,NADC oral swab,S-1380,USDA Validation,Tiffany Wolf,"USDA, Ames, IA",,,Rhen Var,3,3,,GR,8.12.25,,,,,
,,B-206,21 MPI,USDA/Greenlee samples,NADC oral swab,S-1381,USDA Validation,Tiffany Wolf,"USDA, Ames, IA",,,Rhen Var,3,3,,GR,8.12.25,,,,,
,,B-199,21 MPI,USDA/Greenlee samples,NADC nasal swab,S-1382,USDA Validation,Tiffany Wolf,"USDA, Ames, IA",,,Rhen Var,3,3,,GR,8.12.25,,,,,
,,Y-23,21 MPI,USDA/Greenlee samples,NADC oral swab,S-1383,USDA Validation,Tiffany Wolf,"USDA, Ames, IA",,,Rhen Var,3,3,,GR,8.12.25,,,,,
,,B-158,21 MPI,USDA/Greenlee samples,NADC oral swab,S-1384,USDA Validation,Tiffany Wolf,"USDA, Ames, IA",,,Rhen Var,3,3,,GR,8.12.25,,,,,
,,B-161,21 MPI,USDA/Greenlee samples,NADC oral swab,S-1385,USDA Validation,Tiffany Wolf,"USDA, Ames, IA",,,Rhen Var,3,3,,GR,8.12.25,,,,,
,,B-119,21 MPI,USDA/Greenlee samples,NADC oral swab,S-1386,USDA Validation,Tiffany Wolf,"USDA, Ames, IA",,,Rhen Var,3,3,,GR,8.12.25,,,,,
,,B-120,21 MPI,USDA/Greenlee samples,NADC oral swab,S-1387,USDA Validation,Tiffany Wolf,"USDA, Ames, IA",,,Rhen Var,3,3,,GR,8.12.25,,,,,
,,O-37,21 MPI,USDA/Greenlee samples,NADC oral swab,S-1388,USDA Validation,Tiffany Wolf,"USDA, Ames, IA",,,Rhen Var,3,3,,GR,8.12.25,,,,,
,,1946,21 MPI,USDA/Greenlee samples,NADC oral swab,S-1389,USDA Validation,Tiffany Wolf,"USDA, Ames, IA",,,Rhen Var,3,3,,GR,8.12.25,,,,,
,,B-109,21 MPI,USDA/Greenlee samples,NADC oral swab,S-1390,USDA Validation,Tiffany Wolf,"USDA, Ames, IA",,,Rhen Var,3,3,,GR,8.12.25,,,,,
,,B-155,21 MPI,USDA/Greenlee samples,NADC oral swab,S-1391,USDA Validation,Tiffany Wolf,"USDA, Ames, IA",,,Rhen Var,3,3,,GR,8.12.25,,,,,
,,1942,24 MPI,USDA/Greenlee samples,NADC oral swab,S-1392,USDA Validation,Tiffany Wolf,"USDA, Ames, IA",,,Rhen Var,3,3,,GR,8.12.25,,,,,
,,B-146,24 MPI,USDA/Greenlee samples,NADC oral swab,S-1393,USDA Validation,Tiffany Wolf,"USDA, Ames, IA",,,Rhen Var,3,3,,GR,8.12.25,,,,,
,,B-112,24 MPI,USDA/Greenlee samples,NADC nasal swab,S-1394,USDA Validation,Tiffany Wolf,"USDA, Ames, IA",,,Rhen Var,3,3,,GR,8.12.25,,,,,
,,1942,30 MPI,USDA/Greenlee samples,NADC nasal swab,S-1395,USDA Validation,Tiffany Wolf,"USDA, Ames, IA",,,Rhen Var,3,3,,NAL,8.13.25,,,,,
,,B-146,30 MPI,USDA/Greenlee samples,NADC nasal swab,S-1396,USDA Validation,Tiffany Wolf,"USDA, Ames, IA",,,Rhen Var,3,3,,NAL,8.13.25,,,,,
,,B-112,30 MPI,USDA/Greenlee samples,NADC nasal swab,S-1397,USDA Validation,Tiffany Wolf,"USDA, Ames, IA",,,Rhen Var,3,3,,NAL,8.13.25,,,,,
,,B-121,30 MPI,USDA/Greenlee samples,NADC nasal swab,S-1398,USDA Validation,Tiffany Wolf,"USDA, Ames, IA",,,Rhen Var,3,3,,NAL,8.13.25,,,,,
,,1901,30 MPI,USDA/Greenlee samples,NADC nasal swab,S-1399,USDA Validation,Tiffany Wolf,"USDA, Ames, IA",,,Rhen Var,3,3,,NAL,8.13.25,,,,,
,,1941,30 MPI,USDA/Greenlee samples,NADC nasal swab,S-1400,USDA Validation,Tiffany Wolf,"USDA, Ames, IA",,,Rhen Var,3,3,,NAL,8.13.25,,,,,
,,Y-16,30 MPI,USDA/Greenlee samples,NADC nasal swab,S-1401,USDA Validation,Tiffany Wolf,"USDA, Ames, IA",,,Rhen Var,3,3,,NAL,8.13.25,,,,,
,,Y-18,30 MPI,USDA/Greenlee samples,NADC nasal swab,S-1402,USDA Validation,Tiffany Wolf,"USDA, Ames, IA",,,Rhen Var,3,3,,NAL,8.13.25,,,,,
,,1904,30 MPI,USDA/Greenlee samples,NADC nasal swab,S-1403,USDA Validation,Tiffany Wolf,"USDA, Ames, IA",,,Rhen Var,3,3,,NAL,8.13.25,,,,,
,,1943,30 MPI,USDA/Greenlee samples,NADC nasal swab,S-1404,USDA Validation,Tiffany Wolf,"USDA, Ames, IA",,,Rhen Var,3,3,,NAL,8.13.25,,,,,
,,Y-15,30 MPI,USDA/Greenlee samples,NADC nasal swab,S-1405,USDA Validation,Tiffany Wolf,"USDA, Ames, IA",,,Rhen Var,3,3,,NAL,8.13.25,,,,,
,,B-204,30 MPI,USDA/Greenlee samples,NADC nasal swab,S-1406,USDA Validation,Tiffany Wolf,"USDA, Ames, IA",,,Rhen Var,3,3,,NAL,8.13.25,,,,,
,,B-206,30 MPI,USDA/Greenlee samples,NADC nasal swab,S-1407,USDA Validation,Tiffany Wolf,"USDA, Ames, IA",,,Rhen Var,3,3,,NAL,8.13.25,,,,,
,,B-199,30 MPI,USDA/Greenlee samples,NADC nasal swab,S-1408,USDA Validation,Tiffany Wolf,"USDA, Ames, IA",,,Rhen Var,3,3,,NAL,8.13.25,,,,,
,,Y-23,30 MPI,USDA/Greenlee samples,NADC nasal swab,S-1409,USDA Validation,Tiffany Wolf,"USDA, Ames, IA",,,Rhen Var,3,3,,NAL,8.13.25,,,,,
,,B-158,30 MPI,USDA/Greenlee samples,NADC nasal swab,S-1410,USDA Validation,Tiffany Wolf,"USDA, Ames, IA",,,Rhen Var,3,3,,NAL,8.13.25,,,,,
,,B-161,30 MPI,USDA/Greenlee samples,NADC nasal swab,S-1411,USDA Validation,Tiffany Wolf,"USDA, Ames, IA",,,Rhen Var,3,3,,NAL,8.13.25,,,,,
,,B-119,30 MPI,USDA/Greenlee samples,NADC nasal swab,S-1412,USDA Validation,Tiffany Wolf,"USDA, Ames, IA",,,Rhen Var,3,3,,NAL,8.13.25,,,,,
,,B-120,30 MPI,USDA/Greenlee samples,NADC nasal swab,S-1413,USDA Validation,Tiffany Wolf,"USDA, Ames, IA",,,Rhen Var,3,3,,NAL,8.13.25,,,,,
,,O-37,30 MPI,USDA/Greenlee samples,NADC nasal swab,S-1414,USDA Validation,Tiffany Wolf,"USDA, Ames, IA",,,Rhen Var,3,3,,NAL,8.13.25,,,,,
,,1946,30 MPI,USDA/Greenlee samples,NADC nasal swab,S-1415,USDA Validation,Tiffany Wolf,"USDA, Ames, IA",,,Rhen Var,3,3,,NAL,8.13.25,,,,,
,,B-109,30 MPI,USDA/Greenlee samples,NADC nasal swab,S-1416,USDA Validation,Tiffany Wolf,"USDA, Ames, IA",,,Rhen Var,3,3,,NAL,8.13.25,,,,,
,,B-155,30 MPI,USDA/Greenlee samples,NADC nasal swab,S-1417,USDA Validation,Tiffany Wolf,"USDA, Ames, IA",,,Rhen Var,3,3,,NAL,8.13.25,,,,,
,,Y-18,27 MPI,USDA/Greenlee samples,NADC oral swab,S-1418,USDA Validation,Tiffany Wolf,"USDA, Ames, IA",,,Rhen Var,3,3,,SG,8.13.25,,,,,
,,1904,27 MPI,USDA/Greenlee samples,NADC oral swab,S-1419,USDA Validation,Tiffany Wolf,"USDA, Ames, IA",,,Rhen Var,3,3,,SG,8.13.25,,,,,
,,1943,27 MPI,USDA/Greenlee samples,NADC oral swab,S-1420,USDA Validation,Tiffany Wolf,"USDA, Ames, IA",,,Rhen Var,3,3,,SG,8.13.25,,,,,
,,Y-15,27 MPI,USDA/Greenlee samples,NADC oral swab,S-1421,USDA Validation,Tiffany Wolf,"USDA, Ames, IA",,,Rhen Var,3,3,,SG,8.13.25,,,,,
,,B-204,27 MPI,USDA/Greenlee samples,NADC oral swab,S-1422,USDA Validation,Tiffany Wolf,"USDA, Ames, IA",,,Rhen Var,3,3,,SG,8.13.25,,,,,
,,B-206,27 MPI,USDA/Greenlee samples,NADC oral swab,S-1423,USDA Validation,Tiffany Wolf,"USDA, Ames, IA",,,Rhen Var,3,3,,SG,8.13.25,,,,,
,,B-199,27 MPI,USDA/Greenlee samples,NADC oral swab,S-1424,USDA Validation,Tiffany Wolf,"USDA, Ames, IA",,,Rhen Var,3,3,,SG,8.13.25,,,,,
,,Y-23,27 MPI,USDA/Greenlee samples,NADC oral swab,S-1425,USDA Validation,Tiffany Wolf,"USDA, Ames, IA",,,Rhen Var,3,3,,SG,8.13.25,,,,,
,,B-158,27 MPI,USDA/Greenlee samples,NADC oral swab,S-1426,USDA Validation,Tiffany Wolf,"USDA, Ames, IA",,,Rhen Var,3,3,,SG,8.13.25,,,,,
,,B-161,27 MPI,USDA/Greenlee samples,NADC oral swab,S-1427,USDA Validation,Tiffany Wolf,"USDA, Ames, IA",,,Rhen Var,3,3,,SG,8.13.25,,,,,
,,B-119,27 MPI,USDA/Greenlee samples,NADC oral swab,S-1428,USDA Validation,Tiffany Wolf,"USDA, Ames, IA",,,Rhen Var,3,3,,SG,8.13.25,,,,,
,,B-120,27 MPI,USDA/Greenlee samples,NADC oral swab,S-1429,USDA Validation,Tiffany Wolf,"USDA, Ames, IA",,,Rhen Var,3,3,,SG,8.13.25,,,,,
,,O-37,27 MPI,USDA/Greenlee samples,NADC oral swab,S-1430,USDA Validation,Tiffany Wolf,"USDA, Ames, IA",,,Rhen Var,3,3,,SG,8.13.25,,,,,
,,1946,27 MPI,USDA/Greenlee samples,NADC oral swab,S-1431,USDA Validation,Tiffany Wolf,"USDA, Ames, IA",,,Rhen Var,3,3,,SG,8.13.25,,,,,
,,B-109,27 MPI,USDA/Greenlee samples,NADC oral swab,S-1432,USDA Validation,Tiffany Wolf,"USDA, Ames, IA",,,Rhen Var,3,3,,SG,8.13.25,,,,,
,,B-155,27 MPI,USDA/Greenlee samples,NADC oral swab,S-1433,USDA Validation,Tiffany Wolf,"USDA, Ames, IA",,,Rhen Var,3,3,,SG,8.13.25,,,,,
,,Y-16,27 MPI,USDA/Greenlee samples,NADC oral swab,S-1434,USDA Validation,Tiffany Wolf,"USDA, Ames, IA",,,Rhen Var,3,3,,SG,8.13.25,,,,,
,,B-112,30 MPI,USDA/Greenlee samples,NADC oral swab,S-1435,USDA Validation,Tiffany Wolf,"USDA, Ames, IA",,,Rhen Var,3,3,,SG,8.13.25,,,,,
,,B-121,30 MPI,USDA/Greenlee samples,NADC oral swab,S-1436,USDA Validation,Tiffany Wolf,"USDA, Ames, IA",,,Rhen Var,3,3,,SG,8.13.25,,,,,
,,1901,30 MPI,USDA/Greenlee samples,NADC oral swab,S-1437,USDA Validation,Tiffany Wolf,"USDA, Ames, IA",,,Rhen Var,3,3,,SG,8.13.25,,,,,
,,1941,30 MPI,USDA/Greenlee samples,NADC oral swab,S-1438,USDA Validation,Tiffany Wolf,"USDA, Ames, IA",,,Rhen Var,3,3,,SG,8.13.25,,,,,
,,Y-16,30 MPI,USDA/Greenlee samples,NADC oral swab,S-1439,USDA Validation,Tiffany Wolf,"USDA, Ames, IA",,,Rhen Var,3,3,,SG,8.13.25,,,,,
,,Y-18,30 MPI,USDA/Greenlee samples,NADC oral swab,S-1440,USDA Validation,Tiffany Wolf,"USDA, Ames, IA",,,Rhen Var,3,3,,SG,8.13.25,,,,,
,,1904,30 MPI,USDA/Greenlee samples,NADC oral swab,S-1441,USDA Validation,Tiffany Wolf,"USDA, Ames, IA",,,Rhen Var,3,3,,SG,8.13.25,,,,,
,,1943,30 MPI,USDA/Greenlee samples,NADC oral swab,S-1442,USDA Validation,Tiffany Wolf,"USDA, Ames, IA",,,Rhen Var,3,3,,SG,8.14.25,,,,,
,,Y-15,30 MPI,USDA/Greenlee samples,NADC oral swab,S-1443,USDA Validation,Tiffany Wolf,"USDA, Ames, IA",,,Rhen Var,3,3,,SG,8.14.25,,,,,
,,B-204,30 MPI,USDA/Greenlee samples,NADC oral swab,S-1444,USDA Validation,Tiffany Wolf,"USDA, Ames, IA",,,Rhen Var,3,3,,SG,8.14.25,,,,,
,,B-206,30 MPI,USDA/Greenlee samples,NADC oral swab,S-1445,USDA Validation,Tiffany Wolf,"USDA, Ames, IA",,,Rhen Var,3,3,,SG,8.14.25,,,,,
,,B-199,30 MPI,USDA/Greenlee samples,NADC oral swab,S-1446,USDA Validation,Tiffany Wolf,"USDA, Ames, IA",,,Rhen Var,3,3,,SG,8.14.25,,,,,
,,Y-23,30 MPI,USDA/Greenlee samples,NADC oral swab,S-1447,USDA Validation,Tiffany Wolf,"USDA, Ames, IA",,,Rhen Var,3,3,,SG,8.14.25,,,,,
,,B-158,30 MPI,USDA/Greenlee samples,NADC oral swab,S-1448,USDA Validation,Tiffany Wolf,"USDA, Ames, IA",,,Rhen Var,3,3,,SG,8.14.25,,,,,
,,B-161,30 MPI,USDA/Greenlee samples,NADC oral swab,S-1449,USDA Validation,Tiffany Wolf,"USDA, Ames, IA",,,Rhen Var,3,3,,SG,8.14.25,,,,,
,,B-119,30 MPI,USDA/Greenlee samples,NADC oral swab,S-1450,USDA Validation,Tiffany Wolf,"USDA, Ames, IA",,,Rhen Var,3,3,,SG,8.14.25,,,,,
,,B-120,30 MPI,USDA/Greenlee samples,NADC oral swab,S-1451,USDA Validation,Tiffany Wolf,"USDA, Ames, IA",,,Rhen Var,3,3,,SG,8.14.25,,,,,
,,O-37,30 MPI,USDA/Greenlee samples,NADC oral swab,S-1452,USDA Validation,Tiffany Wolf,"USDA, Ames, IA",,,Rhen Var,3,3,,SG,8.14.25,,,,,
,,1946,30 MPI,USDA/Greenlee samples,NADC oral swab,S-1453,USDA Validation,Tiffany Wolf,"USDA, Ames, IA",,,Rhen Var,3,3,,SG,8.14.25,,,,,
,,B-109,30 MPI,USDA/Greenlee samples,NADC oral swab,S-1454,USDA Validation,Tiffany Wolf,"USDA, Ames, IA",,,Rhen Var,3,3,,SG,8.14.25,,,,,
,,B-155,30 MPI,USDA/Greenlee samples,NADC oral swab,S-1455,USDA Validation,Tiffany Wolf,"USDA, Ames, IA",,,Rhen Var,3,3,,SG,8.14.25,,,,,
,,B-199,30 MPI,USDA/Greenlee samples,NADC oral swab,S-1456,USDA Validation,Tiffany Wolf,"USDA, Ames, IA",,,Rhen Var,3,3,,SG,8.14.25,,,,,
,,B-146,30 MPI,USDA/Greenlee samples,NADC oral swab,S-1457,USDA Validation,Tiffany Wolf,"USDA, Ames, IA",,,Rhen Var,3,3,,SG,8.14.25,,,,,
,,1942,30 MPI,USDA/Greenlee samples,NADC oral swab,S-1458,USDA Validation,Tiffany Wolf,"USDA, Ames, IA",,,Rhen Var,3,3,,SG,8.14.25,,,,,
,,1942,33 MPI,USDA/Greenlee samples,NADC oral swab,S-1459,USDA Validation,Tiffany Wolf,"USDA, Ames, IA",,,Rhen Var,3,3,,SG,8.14.25,GR,8.19.25,"RT-8, Nano-9",,
,,B-146,33 MPI,USDA/Greenlee samples,NADC oral swab,S-1460,USDA Validation,Tiffany Wolf,"USDA, Ames, IA",,,Rhen Var,3,3,,SG,8.14.25,,,,,
,,B-112,33 MPI,USDA/Greenlee samples,NADC oral swab,S-1461,USDA Validation,Tiffany Wolf,"USDA, Ames, IA",,,Rhen Var,3,3,,SG,8.14.25,,,,,
,,B-121,33 MPI,USDA/Greenlee samples,NADC oral swab,S-1462,USDA Validation,Tiffany Wolf,"USDA, Ames, IA",,,Rhen Var,3,3,,SG,8.14.25,,,,,
,,1901,33 MPI,USDA/Greenlee samples,NADC oral swab,S-1463,USDA Validation,Tiffany Wolf,"USDA, Ames, IA",,,Rhen Var,3,3,,SG,8.14.25,,,,,
,,1941,33 MPI,USDA/Greenlee samples,NADC oral swab,S-1464,USDA Validation,Tiffany Wolf,"USDA, Ames, IA",,,Rhen Var,3,3,,SG,8.14.25,,,,,
,,Y-16,33 MPI,USDA/Greenlee samples,NADC oral swab,S-1465,USDA Validation,Tiffany Wolf,"USDA, Ames, IA",,,Rhen Var,3,3,,SG,8.14.25,,,,,
,,Y-18,33 MPI,USDA/Greenlee samples,NADC oral swab,S-1466,USDA Validation,Tiffany Wolf,"USDA, Ames, IA",,,Rhen Var,3,3,,SG,8.14.25,,,,,
,,1904,33 MPI,USDA/Greenlee samples,NADC oral swab,S-1467,USDA Validation,Tiffany Wolf,"USDA, Ames, IA",,,Rhen Var,3,3,,SG,8.14.25,GR,8.19.25,"RT-8, Nano-9",,
,,1943,33 MPI,USDA/Greenlee samples,NADC oral swab,S-1468,USDA Validation,Tiffany Wolf,"USDA, Ames, IA",,,Rhen Var,3,3,,SG,8.14.25,,,,,
,,Y-15,33 MPI,USDA/Greenlee samples,NADC oral swab,S-1469,USDA Validation,Tiffany Wolf,"USDA, Ames, IA",,,Rhen Var,3,3,,SG,8.14.25,GR,8.19.25,"RT-8, Nano-9",,
,,B-204,33 MPI,USDA/Greenlee samples,NADC oral swab,S-1470,USDA Validation,Tiffany Wolf,"USDA, Ames, IA",,,Rhen Var,3,3,,SG,8.14.25,GR,8.19.25,"RT-8, Nano-9",,
,,B-206,33 MPI,USDA/Greenlee samples,NADC oral swab,S-1471,USDA Validation,Tiffany Wolf,"USDA, Ames, IA",,,Rhen Var,3,3,,SG,8.14.25,GR,8.19.25,"RT-8, Nano-9",,
,,B-199,33 MPI,USDA/Greenlee samples,NADC oral swab,S-1472,USDA Validation,Tiffany Wolf,"USDA, Ames, IA",,,Rhen Var,3,3,,SG,8.14.25,,,,,
,,Y-23,33 MPI,USDA/Greenlee samples,NADC oral swab,S-1473,USDA Validation,Tiffany Wolf,"USDA, Ames, IA",,,Rhen Var,3,3,,SG,8.14.25,,,,,
,,B-158,33 MPI,USDA/Greenlee samples,NADC oral swab,S-1474,USDA Validation,Tiffany Wolf,"USDA, Ames, IA",,,Rhen Var,3,3,,SG,8.14.25,,,,,
,,B-161,33 MPI,USDA/Greenlee samples,NADC oral swab,S-1475,USDA Validation,Tiffany Wolf,"USDA, Ames, IA",,,Rhen Var,3,3,,SG,8.14.25,,,,,
,,B-119,33 MPI,USDA/Greenlee samples,NADC oral swab,S-1476,USDA Validation,Tiffany Wolf,"USDA, Ames, IA",,,Rhen Var,3,3,,SG,8.14.25,,,,,
,,B-120,33 MPI,USDA/Greenlee samples,NADC oral swab,S-1477,USDA Validation,Tiffany Wolf,"USDA, Ames, IA",,,Rhen Var,3,3,,SG,8.14.25,,,,,
,,O-37,33 MPI,USDA/Greenlee samples,NADC oral swab,S-1478,USDA Validation,Tiffany Wolf,"USDA, Ames, IA",,,Rhen Var,3,3,,SG,8.14.25,,,,,
,,1946,33 MPI,USDA/Greenlee samples,NADC oral swab,S-1479,USDA Validation,Tiffany Wolf,"USDA, Ames, IA",,,Rhen Var,3,3,,SG,8.14.25,,,,,
,,B-109,33 MPI,USDA/Greenlee samples,NADC oral swab,S-1480,USDA Validation,Tiffany Wolf,"USDA, Ames, IA",,,Rhen Var,3,3,,SG,8.14.25,,,,,
,,B-155,33 MPI,USDA/Greenlee samples,NADC oral swab,S-1481,USDA Validation,Tiffany Wolf,"USDA, Ames, IA",,,Rhen Var,3,3,,SG,8.14.25,,,,,
,,B-112,36 MPI,USDA/Greenlee samples,NADC oral swab,S-1482,USDA Validation,Tiffany Wolf,"USDA, Ames, IA",,,Rhen Var,3,3,,SG,8.14.25,,,,,
,,B-121,36 MPI,USDA/Greenlee samples,NADC oral swab,S-1483,USDA Validation,Tiffany Wolf,"USDA, Ames, IA",,,Rhen Var,3,3,,SG,8.14.25,GR,8.19.25,"RT-8, Nano-9",,
,,1901,36 MPI,USDA/Greenlee samples,NADC oral swab,S-1484,USDA Validation,Tiffany Wolf,"USDA, Ames, IA",,,Rhen Var,3,3,,SG,8.14.25,,,,,
,,1941,36 MPI,USDA/Greenlee samples,NADC oral swab,S-1485,USDA Validation,Tiffany Wolf,"USDA, Ames, IA",,,Rhen Var,3,3,,SG,8.14.25,,,,,
,,Y-16,36 MPI,USDA/Greenlee samples,NADC oral swab,S-1486,USDA Validation,Tiffany Wolf,"USDA, Ames, IA",,,Rhen Var,3,3,,SG,8.14.25,,,,,
,,Y-18,36 MPI,USDA/Greenlee samples,NADC oral swab,S-1487,USDA Validation,Tiffany Wolf,"USDA, Ames, IA",,,Rhen Var,3,3,,SG,8.14.25,,,,,
,,1943,36 MPI,USDA/Greenlee samples,NADC oral swab,S-1488,USDA Validation,Tiffany Wolf,"USDA, Ames, IA",,,Rhen Var,3,3,,SG,8.14.25,,,,,
,,B-204,36 MPI,USDA/Greenlee samples,NADC oral swab,S-1489,USDA Validation,Tiffany Wolf,"USDA, Ames, IA",,,Rhen Var,3,3,,SG,8.14.25,,,,,
,,1942,3 MPI,USDA/Greenlee samples,NADC nasal swab,S-1490,,,,,,,,,,,,,,,,
,,B-146,3 MPI,USDA/Greenlee samples,NADC nasal swab,S-1491,,,,,,,,,,,,,,,,
,,1945,3 MPI,USDA/Greenlee samples,NADC nasal swab,S-1492,,,,,,,,,,,,,,,,
,,B-112,3 MPI,USDA/Greenlee samples,NADC nasal swab,S-1493,,,,,,,,,,,,,,,,
,,B-121,3 MPI,USDA/Greenlee samples,NADC nasal swab,S-1494,,,,,,,,,,,,,,,,
,,B-166,3 MPI,USDA/Greenlee samples,NADC nasal swab,S-1495,,,,,,,,,,,,,,,,
,,1901,3 MPI,USDA/Greenlee samples,NADC nasal swab,S-1496,,,,,,,,,,,,,,,,
,,1941,3 MPI,USDA/Greenlee samples,NADC nasal swab,S-1497,,,,,,,,,,,,,,,,
,,1944,3 MPI,USDA/Greenlee samples,NADC nasal swab,S-1498,,,,,,,,,,,,,,,,
,,Y-16,3 MPI,USDA/Greenlee samples,NADC nasal swab,S-1499,,,,,,,,,,,,,,,,
,,Y-18,3 MPI,USDA/Greenlee samples,NADC nasal swab,S-1500,,,,,,,,,,,,,,,,
,,1905,3 MPI,USDA/Greenlee samples,NADC nasal swab,S-1501,,,,,,,,,,,,,,,,
,,B-167,3 MPI,USDA/Greenlee samples,NADC nasal swab,S-1502,,,,,,,,,,,,,,,,
,,1904,3 MPI,USDA/Greenlee samples,NADC nasal swab,S-1503,,,,,,,,,,,,,,,,
,,1943,3 MPI,USDA/Greenlee samples,NADC nasal swab,S-1504,,,,,,,,,,,,,,,,
,,O-39,3 MPI,USDA/Greenlee samples,NADC nasal swab,S-1505,,,,,,,,,,,,,,,,
,,Y-15,3 MPI,USDA/Greenlee samples,NADC nasal swab,S-1506,,,,,,,,,,,,,,,,
,,B-204,3 MPI,USDA/Greenlee samples,NADC nasal swab,S-1507,,,,,,,,,,,,,,,,
,,B-206,3 MPI,USDA/Greenlee samples,NADC nasal swab,S-1508,,,,,,,,,,,,,,,,
,,B-199,3 MPI,USDA/Greenlee samples,NADC nasal swab,S-1509,,,,,,,,,,,,,,,,
,,Y-23,3 MPI,USDA/Greenlee samples,NADC nasal swab,S-1510,,,,,,,,,,,,,,,,
,,B-158,3 MPI,USDA/Greenlee samples,NADC nasal swab,S-1511,,,,,,,,,,,,,,,,
,,B-161,3 MPI,USDA/Greenlee samples,NADC nasal swab,S-1512,,,,,,,,,,,,,,,,
,,B-119,3 MPI,USDA/Greenlee samples,NADC nasal swab,S-1513,,,,,,,,,,,,,,,,
,,B-120,3 MPI,USDA/Greenlee samples,NADC nasal swab,S-1514,,,,,,,,,,,,,,,,
,,O-37,3 MPI,USDA/Greenlee samples,NADC nasal swab,S-1515,,,,,,,,,,,,,,,,
,,1946,3 MPI,USDA/Greenlee samples,NADC nasal swab,S-1516,,,,,,,,,,,,,,,,
,,B-109,3 MPI,USDA/Greenlee samples,NADC nasal swab,S-1517,,,,,,,,,,,,,,,,
,,B-155,3 MPI,USDA/Greenlee samples,NADC nasal swab,S-1518,,,,,,,,,,,,,,,,
,,1942,9 MPI,USDA/Greenlee samples,NADC nasal swab,S-1519,,,,,,,,,,,,,,,,
,,B-146,9 MPI,USDA/Greenlee samples,NADC nasal swab,S-1520,,,,,,,,,,,,,,,,
,,1945,9 MPI,USDA/Greenlee samples,NADC nasal swab,S-1521,,,,,,,,,,,,,,,,
,,B-112,9 MPI,USDA/Greenlee samples,NADC nasal swab,S-1522,,,,,,,,,,,,,,,,
,,B-121,9 MPI,USDA/Greenlee samples,NADC nasal swab,S-1523,,,,,,,,,,,,,,,,
,,B-166,9 MPI,USDA/Greenlee samples,NADC nasal swab,S-1524,,,,,,,,,,,,,,,,
,,1901,9 MPI,USDA/Greenlee samples,NADC nasal swab,S-1525,,,,,,,,,,,,,,,,
,,1941,9 MPI,USDA/Greenlee samples,NADC nasal swab,S-1526,,,,,,,,,,,,,,,,
,,1944,9 MPI,USDA/Greenlee samples,NADC nasal swab,S-1527,,,,,,,,,,,,,,,,
,,Y-16,9 MPI,USDA/Greenlee samples,NADC nasal swab,S-1528,,,,,,,,,,,,,,,,
,,Y-18,9 MPI,USDA/Greenlee samples,NADC nasal swab,S-1529,,,,,,,,,,,,,,,,
,,1905,9 MPI,USDA/Greenlee samples,NADC nasal swab,S-1530,,,,,,,,,,,,,,,,
,,B-167,9 MPI,USDA/Greenlee samples,NADC nasal swab,S-1531,,,,,,,,,,,,,,,,
,,1904,9 MPI,USDA/Greenlee samples,NADC nasal swab,S-1532,,,,,,,,,,,,,,,,
,,1943,9 MPI,USDA/Greenlee samples,NADC nasal swab,S-1533,,,,,,,,,,,,,,,,
,,O-39,9 MPI,USDA/Greenlee samples,NADC nasal swab,S-1534,,,,,,,,,,,,,,,,
,,Y-15,9 MPI,USDA/Greenlee samples,NADC nasal swab,S-1535,,,,,,,,,,,,,,,,
,,B-204,9 MPI,USDA/Greenlee samples,NADC nasal swab,S-1536,,,,,,,,,,,,,,,,
,,B-206,9 MPI,USDA/Greenlee samples,NADC nasal swab,S-1537,,,,,,,,,,,,,,,,
,,B-199,9 MPI,USDA/Greenlee samples,NADC nasal swab,S-1538,,,,,,,,,,,,,,,,
,,Y-23,9 MPI,USDA/Greenlee samples,NADC nasal swab,S-1539,,,,,,,,,,,,,,,,
,,B-158,9 MPI,USDA/Greenlee samples,NADC nasal swab,S-1540,,,,,,,,,,,,,,,,
,,B-161,9 MPI,USDA/Greenlee samples,NADC nasal swab,S-1541,,,,,,,,,,,,,,,,
,,B-119,9 MPI,USDA/Greenlee samples,NADC nasal swab,S-1542,,,,,,,,,,,,,,,,
,,B-120,9 MPI,USDA/Greenlee samples,NADC nasal swab,S-1543,,,,,,,,,,,,,,,,
,,O-37,9 MPI,USDA/Greenlee samples,NADC nasal swab,S-1544,,,,,,,,,,,,,,,,
,,1946,9 MPI,USDA/Greenlee samples,NADC nasal swab,S-1545,,,,,,,,,,,,,,,,
,,B-109,9 MPI,USDA/Greenlee samples,NADC nasal swab,S-1546,,,,,,,,,,,,,,,,
,,B-155,9 MPI,USDA/Greenlee samples,NADC nasal swab,S-1547,,,,,,,,,,,,,,,,
,,B-206,36 MPI,USDA/Greenlee samples,NADC oral swab,S-1548,USDA/Greenlee validations,Tiffany Wolf,"USDA, Ames, IA",,,Rhen Var,3,3,,SG,8.19.25,,,,,
,,B-199,36 MPI,USDA/Greenlee samples,NADC oral swab,S-1549,USDA/Greenlee validations,Tiffany Wolf,"USDA, Ames, IA",,,Rhen Var,3,3,,SG,8.19.25,,,,,
,,Y-23,36 MPI,USDA/Greenlee samples,NADC oral swab,S-1550,USDA/Greenlee validations,Tiffany Wolf,"USDA, Ames, IA",,,Rhen Var,3,3,,SG,8.19.25,,,,,
,,B-158,36 MPI,USDA/Greenlee samples,NADC oral swab,S-1551,USDA/Greenlee validations,Tiffany Wolf,"USDA, Ames, IA",,,Rhen Var,3,3,,SG,8.19.25,,,,,
,,B-119,36 MPI,USDA/Greenlee samples,NADC oral swab,S-1552,USDA/Greenlee validations,Tiffany Wolf,"USDA, Ames, IA",,,Rhen Var,3,3,,SG,8.19.25,,,,,
,,B-120,36 MPI,USDA/Greenlee samples,NADC oral swab,S-1553,USDA/Greenlee validations,Tiffany Wolf,"USDA, Ames, IA",,,Rhen Var,3,3,,SG,8.19.25,,,,,
,,O-37,36 MPI,USDA/Greenlee samples,NADC oral swab,S-1554,USDA/Greenlee validations,Tiffany Wolf,"USDA, Ames, IA",,,Rhen Var,3,3,,SG,8.19.25,,,,,
,,1946,36 MPI,USDA/Greenlee samples,NADC oral swab,S-1555,USDA/Greenlee validations,Tiffany Wolf,"USDA, Ames, IA",,,Rhen Var,3,3,,SG,8.19.25,,,,,
,,B-109,36 MPI,USDA/Greenlee samples,NADC oral swab,S-1556,USDA/Greenlee validations,Tiffany Wolf,"USDA, Ames, IA",,,Rhen Var,3,3,,SG,8.19.25,,,,,
,,B-155,36 MPI,USDA/Greenlee samples,NADC oral swab,S-1557,USDA/Greenlee validations,Tiffany Wolf,"USDA, Ames, IA",,,Rhen Var,3,3,,SG,8.19.25,,,,,
,,B-146,39 MPI,USDA/Greenlee samples,NADC oral swab,S-1558,USDA/Greenlee validations,Tiffany Wolf,"USDA, Ames, IA",,,Rhen Var,3,3,,SG,8.19.25,,,,,
,,B-112,39 MPI,USDA/Greenlee samples,NADC oral swab,S-1559,USDA/Greenlee validations,Tiffany Wolf,"USDA, Ames, IA",,,Rhen Var,3,3,,SG,8.19.25,,,,,
,,1901,39 MPI,USDA/Greenlee samples,NADC oral swab,S-1560,USDA/Greenlee validations,Tiffany Wolf,"USDA, Ames, IA",,,Rhen Var,3,3,,SG,8.19.25,,,,,
,,1941,39 MPI,USDA/Greenlee samples,NADC oral swab,S-1561,USDA/Greenlee validations,Tiffany Wolf,"USDA, Ames, IA",,,Rhen Var,3,3,,SG,8.19.25,,,,,
,,Y-16,39 MPI,USDA/Greenlee samples,NADC oral swab,S-1562,USDA/Greenlee validations,Tiffany Wolf,"USDA, Ames, IA",,,Rhen Var,3,3,,SG,8.19.25,,,,,
,,Y-18,39 MPI,USDA/Greenlee samples,NADC oral swab,S-1563,USDA/Greenlee validations,Tiffany Wolf,"USDA, Ames, IA",,,Rhen Var,3,3,,SG,8.19.25,,,,,
,,1943,39 MPI,USDA/Greenlee samples,NADC oral swab,S-1564,USDA/Greenlee validations,Tiffany Wolf,"USDA, Ames, IA",,,Rhen Var,3,3,,SG,8.19.25,,,,,
,,Y-15,39 MPI,USDA/Greenlee samples,NADC oral swab,S-1565,USDA/Greenlee validations,Tiffany Wolf,"USDA, Ames, IA",,,Rhen Var,3,3,,SG,8.19.25,,,,,
,,B-204,39 MPI,USDA/Greenlee samples,NADC oral swab,S-1566,USDA/Greenlee validations,Tiffany Wolf,"USDA, Ames, IA",,,Rhen Var,3,3,,SG,8.19.25,,,,,
,,B-206,39 MPI,USDA/Greenlee samples,NADC oral swab,S-1567,USDA/Greenlee validations,Tiffany Wolf,"USDA, Ames, IA",,,Rhen Var,3,3,,SG,8.19.25,,,,,
,,B-199,39 MPI,USDA/Greenlee samples,NADC oral swab,S-1568,USDA/Greenlee validations,Tiffany Wolf,"USDA, Ames, IA",,,Rhen Var,3,3,,SG,8.19.25,,,,,
,,Y-23,39 MPI,USDA/Greenlee samples,NADC oral swab,S-1569,USDA/Greenlee validations,Tiffany Wolf,"USDA, Ames, IA",,,Rhen Var,3,3,,SG,8.19.25,,,,,
,,B-158,39 MPI,USDA/Greenlee samples,NADC oral swab,S-1570,USDA/Greenlee validations,Tiffany Wolf,"USDA, Ames, IA",,,Rhen Var,3,3,,SG,8.19.25,,,,,
,,B-161,39 MPI,USDA/Greenlee samples,NADC oral swab,S-1571,USDA/Greenlee validations,Tiffany Wolf,"USDA, Ames, IA",,,Rhen Var,3,3,,SG,8.19.25,,,,,
,,B-119,39 MPI,USDA/Greenlee samples,NADC oral swab,S-1572,USDA/Greenlee validations,Tiffany Wolf,"USDA, Ames, IA",,,Rhen Var,3,3,,SG,8.19.25,,,,,
,,B-120,39 MPI,USDA/Greenlee samples,NADC oral swab,S-1573,USDA/Greenlee validations,Tiffany Wolf,"USDA, Ames, IA",,,Rhen Var,3,3,,SG,8.19.25,,,,,
,,O-37,39 MPI,USDA/Greenlee samples,NADC oral swab,S-1574,USDA/Greenlee validations,Tiffany Wolf,"USDA, Ames, IA",,,Rhen Var,3,3,,SG,8.19.25,,,,,
,,1946,39 MPI,USDA/Greenlee samples,NADC oral swab,S-1575,USDA/Greenlee validations,Tiffany Wolf,"USDA, Ames, IA",,,Rhen Var,3,3,,SG,8.19.25,,,,,
,,B-109,39 MPI,USDA/Greenlee samples,NADC oral swab,S-1576,USDA/Greenlee validations,Tiffany Wolf,"USDA, Ames, IA",,,Rhen Var,3,3,,SG,8.19.25,,,,,
,,B-155,39 MPI,USDA/Greenlee samples,NADC oral swab,S-1577,USDA/Greenlee validations,Tiffany Wolf,"USDA, Ames, IA",,,Rhen Var,3,3,,SG,8.19.25,,,,,
,,B-146,42 MPI,USDA/Greenlee samples,NADC oral swab,S-1578,USDA/Greenlee validations,Tiffany Wolf,"USDA, Ames, IA",,,Rhen Var,3,3,,SG,8.19.25,,,,,
,,B-112,42 MPI,USDA/Greenlee samples,NADC oral swab,S-1579,USDA/Greenlee validations,Tiffany Wolf,"USDA, Ames, IA",,,Rhen Var,3,3,,SG,8.19.25,,,,,
,,1901,42 MPI,USDA/Greenlee samples,NADC oral swab,S-1580,USDA/Greenlee validations,Tiffany Wolf,"USDA, Ames, IA",,,Rhen Var,3,3,,SG,8.19.25,,,,,
,,1941,42 MPI,USDA/Greenlee samples,NADC oral swab,S-1581,USDA/Greenlee validations,Tiffany Wolf,"USDA, Ames, IA",,,Rhen Var,3,3,,SG,8.19.25,,,,,
,,Y-16,42 MPI,USDA/Greenlee samples,NADC oral swab,S-1582,USDA/Greenlee validations,Tiffany Wolf,"USDA, Ames, IA",,,Rhen Var,3,3,,SG,8.19.25,,,,,
,,1943,42 MPI,USDA/Greenlee samples,NADC oral swab,S-1583,USDA/Greenlee validations,Tiffany Wolf,"USDA, Ames, IA",,,Rhen Var,3,3,,SG,8.19.25,,,,,
,,Y-15,42 MPI,USDA/Greenlee samples,NADC oral swab,S-1584,USDA/Greenlee validations,Tiffany Wolf,"USDA, Ames, IA",,,Rhen Var,3,3,,SG,8.19.25,,,,,
,,B-204,42 MPI,USDA/Greenlee samples,NADC oral swab,S-1585,USDA/Greenlee validations,Tiffany Wolf,"USDA, Ames, IA",,,Rhen Var,3,3,,SG,8.19.25,,,,,
,,B-206,42 MPI,USDA/Greenlee samples,NADC oral swab,S-1586,USDA/Greenlee validations,Tiffany Wolf,"USDA, Ames, IA",,,Rhen Var,3,3,,SG,8.19.25,,,,,
,,B-199,42 MPI,USDA/Greenlee samples,NADC oral swab,S-1587,USDA/Greenlee validations,Tiffany Wolf,"USDA, Ames, IA",,,Rhen Var,3,3,,SG,8.19.25,,,,,
,,Y-23,42 MPI,USDA/Greenlee samples,NADC oral swab,S-1588,USDA/Greenlee validations,Tiffany Wolf,"USDA, Ames, IA",,,Rhen Var,3,3,,SG,8.19.25,,,,,
,,B-158,42 MPI,USDA/Greenlee samples,NADC oral swab,S-1589,USDA/Greenlee validations,Tiffany Wolf,"USDA, Ames, IA",,,Rhen Var,3,3,,SG,8.19.25,,,,,
,,B-161,42 MPI,USDA/Greenlee samples,NADC oral swab,S-1590,USDA/Greenlee validations,Tiffany Wolf,"USDA, Ames, IA",,,Rhen Var,3,3,,SG,8.19.25,,,,,
,,B-119,42 MPI,USDA/Greenlee samples,NADC oral swab,S-1591,USDA/Greenlee validations,Tiffany Wolf,"USDA, Ames, IA",,,Rhen Var,3,3,,SG,8.19.25,,,,,
,,B-120,42 MPI,USDA/Greenlee samples,NADC oral swab,S-1592,USDA/Greenlee validations,Tiffany Wolf,"USDA, Ames, IA",,,Rhen Var,3,3,,SG,8.19.25,,,,,
,,O-37,42 MPI,USDA/Greenlee samples,NADC oral swab,S-1593,USDA/Greenlee validations,Tiffany Wolf,"USDA, Ames, IA",,,Rhen Var,3,3,,SG,8.19.25,,,,,
,,1946,42 MPI,USDA/Greenlee samples,NADC oral swab,S-1594,USDA/Greenlee validations,Tiffany Wolf,"USDA, Ames, IA",,,Rhen Var,3,3,,SG,8.19.25,,,,,
,,B-109,42 MPI,USDA/Greenlee samples,NADC oral swab,S-1595,USDA/Greenlee validations,Tiffany Wolf,"USDA, Ames, IA",,,Rhen Var,3,3,,SG,8.19.25,,,,,
,,B-155,42 MPI,USDA/Greenlee samples,NADC oral swab,S-1596,USDA/Greenlee validations,Tiffany Wolf,"USDA, Ames, IA",,,Rhen Var,3,3,,SG,8.20.25,,,,,
,,B-146,45 MPI,USDA/Greenlee samples,NADC oral swab,S-1597,USDA/Greenlee validations,Tiffany Wolf,"USDA, Ames, IA",,,Rhen Var,3,3,,SG,8.20.25,,,,,
,,B-112,45 MPI,USDA/Greenlee samples,NADC oral swab,S-1598,USDA/Greenlee validations,Tiffany Wolf,"USDA, Ames, IA",,,Rhen Var,3,3,,SG,8.20.25,,,,,
,,1901,45 MPI,USDA/Greenlee samples,NADC oral swab,S-1599,USDA/Greenlee validations,Tiffany Wolf,"USDA, Ames, IA",,,Rhen Var,3,3,,SG,8.20.25,,,,,
,,1941,45 MPI,USDA/Greenlee samples,NADC oral swab,S-1600,USDA/Greenlee validations,Tiffany Wolf,"USDA, Ames, IA",,,Rhen Var,3,3,,SG,8.20.25,,,,,
,,Y-16,45 MPI,USDA/Greenlee samples,NADC oral swab,S-1601,USDA/Greenlee validations,Tiffany Wolf,"USDA, Ames, IA",,,Rhen Var,3,3,,SG,8.20.25,,,,,
,,1943,45 MPI,USDA/Greenlee samples,NADC oral swab,S-1602,USDA/Greenlee validations,Tiffany Wolf,"USDA, Ames, IA",,,Rhen Var,3,3,,SG,8.20.25,,,,,
,,Y-15,45 MPI,USDA/Greenlee samples,NADC oral swab,S-1603,USDA/Greenlee validations,Tiffany Wolf,"USDA, Ames, IA",,,Rhen Var,3,3,,SG,8.20.25,,,,,
,,B-204,45 MPI,USDA/Greenlee samples,NADC oral swab,S-1604,USDA/Greenlee validations,Tiffany Wolf,"USDA, Ames, IA",,,Rhen Var,3,3,,SG,8.20.25,,,,,
,,B-206,45 MPI,USDA/Greenlee samples,NADC oral swab,S-1605,USDA/Greenlee validations,Tiffany Wolf,"USDA, Ames, IA",,,Rhen Var,3,3,,SG,8.20.25,,,,,
,,B-199,45 MPI,USDA/Greenlee samples,NADC oral swab,S-1606,USDA/Greenlee validations,Tiffany Wolf,"USDA, Ames, IA",,,Rhen Var,3,3,,SG,8.20.25,,,,,
,,Y-23,45 MPI,USDA/Greenlee samples,NADC oral swab,S-1607,USDA/Greenlee validations,Tiffany Wolf,"USDA, Ames, IA",,,Rhen Var,3,3,,SG,8.20.25,,,,,
,,B-158,45 MPI,USDA/Greenlee samples,NADC oral swab,S-1608,USDA/Greenlee validations,Tiffany Wolf,"USDA, Ames, IA",,,Rhen Var,3,3,,SG,8.20.25,,,,,
,,B-161,45 MPI,USDA/Greenlee samples,NADC oral swab,S-1609,USDA/Greenlee validations,Tiffany Wolf,"USDA, Ames, IA",,,Rhen Var,3,3,,SG,8.20.25,,,,,
,,B-119,45 MPI,USDA/Greenlee samples,NADC oral swab,S-1610,USDA/Greenlee validations,Tiffany Wolf,"USDA, Ames, IA",,,Rhen Var,3,3,,SG,8.20.25,,,,,
,,B-120,45 MPI,USDA/Greenlee samples,NADC oral swab,S-1611,USDA/Greenlee validations,Tiffany Wolf,"USDA, Ames, IA",,,Rhen Var,3,3,,SG,8.20.25,,,,,
,,O-37,45 MPI,USDA/Greenlee samples,NADC oral swab,S-1612,USDA/Greenlee validations,Tiffany Wolf,"USDA, Ames, IA",,,Rhen Var,3,3,,SG,8.20.25,,,,,
,,1946,45 MPI,USDA/Greenlee samples,NADC oral swab,S-1613,USDA/Greenlee validations,Tiffany Wolf,"USDA, Ames, IA",,,Rhen Var,3,3,,SG,8.20.25,,,,,
,,B-109,45 MPI,USDA/Greenlee samples,NADC oral swab,S-1614,USDA/Greenlee validations,Tiffany Wolf,"USDA, Ames, IA",,,Rhen Var,3,3,,SG,8.20.25,,,,,
,,B-155,45 MPI,USDA/Greenlee samples,NADC oral swab,S-1615,USDA/Greenlee validations,Tiffany Wolf,"USDA, Ames, IA",,,Rhen Var,3,3,,SG,8.20.25,,,,,
,,B-146,48 MPI,USDA/Greenlee samples,NADC oral swab,S-1616,USDA/Greenlee validations,Tiffany Wolf,"USDA, Ames, IA",,,Rhen Var,3,3,,SG,8.20.25,,,,,
,,1901,48 MPI,USDA/Greenlee samples,NADC oral swab,S-1617,USDA/Greenlee validations,Tiffany Wolf,"USDA, Ames, IA",,,Rhen Var,3,3,,SG,8.20.25,,,,,
,,1941,48 MPI,USDA/Greenlee samples,NADC oral swab,S-1618,USDA/Greenlee validations,Tiffany Wolf,"USDA, Ames, IA",,,Rhen Var,3,3,,SG,8.20.25,,,,,
,,Y-16,48 MPI,USDA/Greenlee samples,NADC oral swab,S-1619,USDA/Greenlee validations,Tiffany Wolf,"USDA, Ames, IA",,,Rhen Var,3,3,,SG,8.20.25,,,,,
,,Y-15,48 MPI,USDA/Greenlee samples,NADC oral swab,S-1620,USDA/Greenlee validations,Tiffany Wolf,"USDA, Ames, IA",,,Rhen Var,3,3,,SG,8.20.25,,,,,
,,B-204,48 MPI,USDA/Greenlee samples,NADC oral swab,S-1621,USDA/Greenlee validations,Tiffany Wolf,"USDA, Ames, IA",,,Rhen Var,3,3,,SG,8.20.25,,,,,
,,B-206,48 MPI,USDA/Greenlee samples,NADC oral swab,S-1622,USDA/Greenlee validations,Tiffany Wolf,"USDA, Ames, IA",,,Rhen Var,3,3,,SG,8.20.25,,,,,
,,B-199,48 MPI,USDA/Greenlee samples,NADC oral swab,S-1623,USDA/Greenlee validations,Tiffany Wolf,"USDA, Ames, IA",,,Rhen Var,3,3,,SG,8.20.25,,,,,
,,Y-23,48 MPI,USDA/Greenlee samples,NADC oral swab,S-1624,USDA/Greenlee validations,Tiffany Wolf,"USDA, Ames, IA",,,Rhen Var,3,3,,SG,8.20.25,,,,,
,,B-158,48 MPI,USDA/Greenlee samples,NADC oral swab,S-1625,USDA/Greenlee validations,Tiffany Wolf,"USDA, Ames, IA",,,Rhen Var,3,3,,SG,8.20.25,,,,,
,,B-161,48 MPI,USDA/Greenlee samples,NADC oral swab,S-1626,USDA/Greenlee validations,Tiffany Wolf,"USDA, Ames, IA",,,Rhen Var,3,3,,SG,8.20.25,,,,,
,,B-119,48 MPI,USDA/Greenlee samples,NADC oral swab,S-1627,USDA/Greenlee validations,Tiffany Wolf,"USDA, Ames, IA",,,Rhen Var,3,3,,SG,8.20.25,,,,,
,,B-120,48 MPI,USDA/Greenlee samples,NADC oral swab,S-1628,USDA/Greenlee validations,Tiffany Wolf,"USDA, Ames, IA",,,Rhen Var,3,3,,SG,8.20.25,,,,,
,,O-37,48 MPI,USDA/Greenlee samples,NADC oral swab,S-1629,USDA/Greenlee validations,Tiffany Wolf,"USDA, Ames, IA",,,Rhen Var,3,3,,SG,8.20.25,,,,,
,,1946,48 MPI,USDA/Greenlee samples,NADC oral swab,S-1630,USDA/Greenlee validations,Tiffany Wolf,"USDA, Ames, IA",,,Rhen Var,3,3,,SG,8.20.25,,,,,
,,B-109,48 MPI,USDA/Greenlee samples,NADC oral swab,S-1631,USDA/Greenlee validations,Tiffany Wolf,"USDA, Ames, IA",,,Rhen Var,3,3,,SG,8.20.25,,,,,
,,B-155,48 MPI,USDA/Greenlee samples,NADC oral swab,S-1632,USDA/Greenlee validations,Tiffany Wolf,"USDA, Ames, IA",,,Rhen Var,3,3,,SG,8.20.25,,,,,
,,B-146,51 MPI,USDA/Greenlee samples,NADC oral swab,S-1633,USDA/Greenlee validations,Tiffany Wolf,"USDA, Ames, IA",,,Rhen Var,3,3,,SG,8.20.25,,,,,
,,1901,51 MPI,USDA/Greenlee samples,NADC oral swab,S-1634,USDA/Greenlee validations,Tiffany Wolf,"USDA, Ames, IA",,,Rhen Var,3,3,,SG,8.20.25,,,,,
,,Y-16,51 MPI,USDA/Greenlee samples,NADC oral swab,S-1635,USDA/Greenlee validations,Tiffany Wolf,"USDA, Ames, IA",,,Rhen Var,3,3,,SG,8.20.25,,,,,
,,Y-15,51 MPI,USDA/Greenlee samples,NADC oral swab,S-1636,USDA/Greenlee validations,Tiffany Wolf,"USDA, Ames, IA",,,Rhen Var,3,3,,SG,8.20.25,,,,,
,,B-204,51 MPI,USDA/Greenlee samples,NADC oral swab,S-1637,USDA/Greenlee validations,Tiffany Wolf,"USDA, Ames, IA",,,Rhen Var,3,3,,SG,8.20.25,,,,,
,,B-206,51 MPI,USDA/Greenlee samples,NADC oral swab,S-1638,USDA/Greenlee validations,Tiffany Wolf,"USDA, Ames, IA",,,Rhen Var,3,3,,SG,8.20.25,,,,,
,,B-199,51 MPI,USDA/Greenlee samples,NADC oral swab,S-1639,USDA/Greenlee validations,Tiffany Wolf,"USDA, Ames, IA",,,Rhen Var,3,3,,SG,8.20.25,,,,,
,,Y-23,51 MPI,USDA/Greenlee samples,NADC oral swab,S-1640,USDA/Greenlee validations,Tiffany Wolf,"USDA, Ames, IA",,,Rhen Var,3,3,,SG,8.20.25,,,,,
,,B-158,51 MPI,USDA/Greenlee samples,NADC oral swab,S-1641,USDA/Greenlee validations,Tiffany Wolf,"USDA, Ames, IA",,,Rhen Var,3,3,,SG,8.20.25,,,,,
,,B-161,51 MPI,USDA/Greenlee samples,NADC oral swab,S-1642,USDA/Greenlee validations,Tiffany Wolf,"USDA, Ames, IA",,,Rhen Var,3,3,,SG,8.20.25,,,,,
,,B-119,51 MPI,USDA/Greenlee samples,NADC oral swab,S-1643,USDA/Greenlee validations,Tiffany Wolf,"USDA, Ames, IA",,,Rhen Var,3,3,,SG,8.20.25,,,,,
,,B-120,51 MPI,USDA/Greenlee samples,NADC oral swab,S-1644,USDA/Greenlee validations,Tiffany Wolf,"USDA, Ames, IA",,,Rhen Var,3,3,,SG,8.21.25,,,,,
,,O-37,51 MPI,USDA/Greenlee samples,NADC oral swab,S-1645,USDA/Greenlee validations,Tiffany Wolf,"USDA, Ames, IA",,,Rhen Var,3,3,,SG,8.21.25,,,,,
,,1946,51 MPI,USDA/Greenlee samples,NADC oral swab,S-1646,USDA/Greenlee validations,Tiffany Wolf,"USDA, Ames, IA",,,Rhen Var,3,3,,SG,8.21.25,,,,,
,,B-109,51 MPI,USDA/Greenlee samples,NADC oral swab,S-1647,USDA/Greenlee validations,Tiffany Wolf,"USDA, Ames, IA",,,Rhen Var,3,3,,SG,8.21.25,,,,,
,,B-155,51 MPI,USDA/Greenlee samples,NADC oral swab,S-1648,USDA/Greenlee validations,Tiffany Wolf,"USDA, Ames, IA",,,Rhen Var,3,3,,SG,8.21.25,,,,,
,,B-146,54 MPI,USDA/Greenlee samples,NADC oral swab,S-1649,USDA/Greenlee validations,Tiffany Wolf,"USDA, Ames, IA",,,Rhen Var,3,3,,process ID #s assigned but 54 MPI swabs not found in the freezer!,,,,,,
,,Y-15,54 MPI,USDA/Greenlee samples,NADC oral swab,S-1650,USDA/Greenlee validations,Tiffany Wolf,"USDA, Ames, IA",,,Rhen Var,3,3,,,,,,,,
,,B-204,54 MPI,USDA/Greenlee samples,NADC oral swab,S-1651,USDA/Greenlee validations,Tiffany Wolf,"USDA, Ames, IA",,,Rhen Var,3,3,,,,,,,,
,,B-206,54 MPI,USDA/Greenlee samples,NADC oral swab,S-1652,USDA/Greenlee validations,Tiffany Wolf,"USDA, Ames, IA",,,Rhen Var,3,3,,,,,,,,
,,B-199,54 MPI,USDA/Greenlee samples,NADC oral swab,S-1653,USDA/Greenlee validations,Tiffany Wolf,"USDA, Ames, IA",,,Rhen Var,3,3,,,,,,,,
,,Y-23,54 MPI,USDA/Greenlee samples,NADC oral swab,S-1654,USDA/Greenlee validations,Tiffany Wolf,"USDA, Ames, IA",,,Rhen Var,3,3,,,,,,,,
,,B-158,54 MPI,USDA/Greenlee samples,NADC oral swab,S-1655,USDA/Greenlee validations,Tiffany Wolf,"USDA, Ames, IA",,,Rhen Var,3,3,,,,,,,,
,,B-161,54 MPI,USDA/Greenlee samples,NADC oral swab,S-1656,USDA/Greenlee validations,Tiffany Wolf,"USDA, Ames, IA",,,Rhen Var,3,3,,,,,,,,
,,B-119,54 MPI,USDA/Greenlee samples,NADC oral swab,S-1657,USDA/Greenlee validations,Tiffany Wolf,"USDA, Ames, IA",,,Rhen Var,3,3,,,,,,,,
,,B-120,54 MPI,USDA/Greenlee samples,NADC oral swab,S-1658,USDA/Greenlee validations,Tiffany Wolf,"USDA, Ames, IA",,,Rhen Var,3,3,,,,,,,,
,,O-37,54 MPI,USDA/Greenlee samples,NADC oral swab,S-1659,USDA/Greenlee validations,Tiffany Wolf,"USDA, Ames, IA",,,Rhen Var,3,3,,,,,,,,
,,1946,54 MPI,USDA/Greenlee samples,NADC oral swab,S-1660,USDA/Greenlee validations,Tiffany Wolf,"USDA, Ames, IA",,,Rhen Var,3,3,,,,,,,,
,,B-109,54 MPI,USDA/Greenlee samples,NADC oral swab,S-1661,USDA/Greenlee validations,Tiffany Wolf,"USDA, Ames, IA",,,Rhen Var,3,3,,,,,,,,
,,B-155,54 MPI,USDA/Greenlee samples,NADC oral swab,S-1662,USDA/Greenlee validations,Tiffany Wolf,"USDA, Ames, IA",,,Rhen Var,3,3,,,,,,,,
,,Y-15,57 MPI,USDA/Greenlee samples,NADC oral swab,S-1663,USDA/Greenlee validations,Tiffany Wolf,"USDA, Ames, IA",,,Rhen Var,3,3,,SG,8.21.25,,,,,
,,B-204,57 MPI,USDA/Greenlee samples,NADC oral swab,S-1664,USDA/Greenlee validations,Tiffany Wolf,"USDA, Ames, IA",,,Rhen Var,3,3,,SG,8.21.25,,,,,
,,B-206,57 MPI,USDA/Greenlee samples,NADC oral swab,S-1665,USDA/Greenlee validations,Tiffany Wolf,"USDA, Ames, IA",,,Rhen Var,3,3,,SG,8.21.25,,,,,
,,B-199,57 MPI,USDA/Greenlee samples,NADC oral swab,S-1666,USDA/Greenlee validations,Tiffany Wolf,"USDA, Ames, IA",,,Rhen Var,3,3,,SG,8.21.25,,,,,
,,Y-23,57 MPI,USDA/Greenlee samples,NADC oral swab,S-1667,USDA/Greenlee validations,Tiffany Wolf,"USDA, Ames, IA",,,Rhen Var,3,3,,SG,8.21.25,,,,,
,,B-158,57 MPI,USDA/Greenlee samples,NADC oral swab,S-1668,USDA/Greenlee validations,Tiffany Wolf,"USDA, Ames, IA",,,Rhen Var,3,3,,SG,8.21.25,,,,,
,,B-161,57 MPI,USDA/Greenlee samples,NADC oral swab,S-1669,USDA/Greenlee validations,Tiffany Wolf,"USDA, Ames, IA",,,Rhen Var,3,3,,SG,8.21.25,,,,,
,,B-119,57 MPI,USDA/Greenlee samples,NADC oral swab,S-1670,USDA/Greenlee validations,Tiffany Wolf,"USDA, Ames, IA",,,Rhen Var,3,3,,SG,8.21.25,,,,,
,,B-120,57 MPI,USDA/Greenlee samples,NADC oral swab,S-1671,USDA/Greenlee validations,Tiffany Wolf,"USDA, Ames, IA",,,Rhen Var,3,3,,SG,8.21.25,,,,,
,,O-37,57 MPI,USDA/Greenlee samples,NADC oral swab,S-1672,USDA/Greenlee validations,Tiffany Wolf,"USDA, Ames, IA",,,Rhen Var,3,3,,SG,8.21.25,,,,,
,,1946,57 MPI,USDA/Greenlee samples,NADC oral swab,S-1673,USDA/Greenlee validations,Tiffany Wolf,"USDA, Ames, IA",,,Rhen Var,3,3,,SG,8.21.25,,,,,
,,B-109,57 MPI,USDA/Greenlee samples,NADC oral swab,S-1674,USDA/Greenlee validations,Tiffany Wolf,"USDA, Ames, IA",,,Rhen Var,3,3,,SG,8.21.25,,,,,
,,B-155,57 MPI,USDA/Greenlee samples,NADC oral swab,S-1675,USDA/Greenlee validations,Tiffany Wolf,"USDA, Ames, IA",,,Rhen Var,3,3,,SG,8.21.25,,,,,
,,Y-15,60 MPI,USDA/Greenlee samples,NADC oral swab,S-1676,USDA/Greenlee validations,Tiffany Wolf,"USDA, Ames, IA",,,Rhen Var,3,3,,SG,8.21.25,,,,,
,,B-204,60 MPI,USDA/Greenlee samples,NADC oral swab,S-1677,USDA/Greenlee validations,Tiffany Wolf,"USDA, Ames, IA",,,Rhen Var,3,3,,SG,8.21.25,,,,,
,,B-206,60 MPI,USDA/Greenlee samples,NADC oral swab,S-1678,USDA/Greenlee validations,Tiffany Wolf,"USDA, Ames, IA",,,Rhen Var,3,3,,SG,8.21.25,,,,,
,,B-199,60 MPI,USDA/Greenlee samples,NADC oral swab,S-1679,USDA/Greenlee validations,Tiffany Wolf,"USDA, Ames, IA",,,Rhen Var,3,3,,SG,8.21.25,,,,,
,,Y-23,60 MPI,USDA/Greenlee samples,NADC oral swab,S-1680,USDA/Greenlee validations,Tiffany Wolf,"USDA, Ames, IA",,,Rhen Var,3,3,,SG,8.21.25,,,,,
,,B-158,60 MPI,USDA/Greenlee samples,NADC oral swab,S-1681,USDA/Greenlee validations,Tiffany Wolf,"USDA, Ames, IA",,,Rhen Var,3,3,,SG,8.21.25,,,,,
,,B-161,60 MPI,USDA/Greenlee samples,NADC oral swab,S-1682,USDA/Greenlee validations,Tiffany Wolf,"USDA, Ames, IA",,,Rhen Var,3,3,,SG,8.21.25,,,,,
,,B-119,60 MPI,USDA/Greenlee samples,NADC oral swab,S-1683,USDA/Greenlee validations,Tiffany Wolf,"USDA, Ames, IA",,,Rhen Var,3,3,,SG,8.21.25,,,,,
,,B-120,60 MPI,USDA/Greenlee samples,NADC oral swab,S-1684,USDA/Greenlee validations,Tiffany Wolf,"USDA, Ames, IA",,,Rhen Var,3,3,,SG,8.21.25,,,,,
,,O-37,60 MPI,USDA/Greenlee samples,NADC oral swab,S-1685,USDA/Greenlee validations,Tiffany Wolf,"USDA, Ames, IA",,,Rhen Var,3,3,,SG,8.21.25,,,,,
,,1946,60 MPI,USDA/Greenlee samples,NADC oral swab,S-1686,USDA/Greenlee validations,Tiffany Wolf,"USDA, Ames, IA",,,Rhen Var,3,3,,SG,8.21.25,,,,,
,,B-109,60 MPI,USDA/Greenlee samples,NADC oral swab,S-1687,USDA/Greenlee validations,Tiffany Wolf,"USDA, Ames, IA",,,Rhen Var,3,3,,SG,8.21.25,,,,,
,,B-155,60 MPI,USDA/Greenlee samples,NADC oral swab,S-1688,USDA/Greenlee validations,Tiffany Wolf,"USDA, Ames, IA",,,Rhen Var,3,3,,SG,8.21.25,,,,,
,,Y-15,63 MPI,USDA/Greenlee samples,NADC oral swab,S-1689,USDA/Greenlee validations,Tiffany Wolf,"USDA, Ames, IA",,,Rhen Var,3,3,,SG,8.21.25,,,,,
,,B-204,63 MPI,USDA/Greenlee samples,NADC oral swab,S-1690,USDA/Greenlee validations,Tiffany Wolf,"USDA, Ames, IA",,,Rhen Var,3,3,,SG,8.21.25,,,,,
,,B-206,63 MPI,USDA/Greenlee samples,NADC oral swab,S-1691,USDA/Greenlee validations,Tiffany Wolf,"USDA, Ames, IA",,,Rhen Var,3,3,,SG,8.21.25,,,,,
,,B-199,63 MPI,USDA/Greenlee samples,NADC oral swab,S-1692,USDA/Greenlee validations,Tiffany Wolf,"USDA, Ames, IA",,,Rhen Var,3,3,,SG,8.21.25,,,,,
,,Y-23,63 MPI,USDA/Greenlee samples,NADC oral swab,S-1693,USDA/Greenlee validations,Tiffany Wolf,"USDA, Ames, IA",,,Rhen Var,3,3,,SG,8.21.25,,,,,
,,B-158,63 MPI,USDA/Greenlee samples,NADC oral swab,S-1694,USDA/Greenlee validations,Tiffany Wolf,"USDA, Ames, IA",,,Rhen Var,3,3,,SG,8.21.25,,,,,
,,B-161,63 MPI,USDA/Greenlee samples,NADC oral swab,S-1695,USDA/Greenlee validations,Tiffany Wolf,"USDA, Ames, IA",,,Rhen Var,3,3,,SG,8.21.25,,,,,
,,B-119,63 MPI,USDA/Greenlee samples,NADC oral swab,S-1696,USDA/Greenlee validations,Tiffany Wolf,"USDA, Ames, IA",,,Rhen Var,3,3,,SG,8.21.25,,,,,
,,B-120,63 MPI,USDA/Greenlee samples,NADC oral swab,S-1697,USDA/Greenlee validations,Tiffany Wolf,"USDA, Ames, IA",,,Rhen Var,3,3,,SG,8.21.25,,,,,
,,O-37,63 MPI,USDA/Greenlee samples,NADC oral swab,S-1698,USDA/Greenlee validations,Tiffany Wolf,"USDA, Ames, IA",,,Rhen Var,3,3,,SG,8.21.25,,,,,
,,1946,63 MPI,USDA/Greenlee samples,NADC oral swab,S-1699,USDA/Greenlee validations,Tiffany Wolf,"USDA, Ames, IA",,,Rhen Var,3,3,,SG,8.21.25,,,,,
,,B-109,63 MPI,USDA/Greenlee samples,NADC oral swab,S-1700,USDA/Greenlee validations,Tiffany Wolf,"USDA, Ames, IA",,,Rhen Var,3,3,,SG,8.21.25,,,,,
,,B-155,63 MPI,USDA/Greenlee samples,NADC oral swab,S-1701,USDA/Greenlee validations,Tiffany Wolf,"USDA, Ames, IA",,,Rhen Var,3,3,,SG,8.21.25,,,,,
,,B-199,63 MPI,USDA/Greenlee samples,MNPRO oral swabs,S-1702,USDA/Greenlee validations,Tiffany Wolf,"USDA, Ames, IA",,,Rhen Var,3,3,,SG,9.5.25,,,,,
,,Y-23,63 MPI,USDA/Greenlee samples,MNPRO oral swabs,S-1703,USDA/Greenlee validations,Tiffany Wolf,"USDA, Ames, IA",,,Rhen Var,3,3,,SG,9.5.25,,,,,
,,B-158,63 MPI,USDA/Greenlee samples,MNPRO oral swabs,S-1704,USDA/Greenlee validations,Tiffany Wolf,"USDA, Ames, IA",,,Rhen Var,3,3,,SG,9.5.25,,,,,
,,B-161,63 MPI,USDA/Greenlee samples,MNPRO oral swabs,S-1705,USDA/Greenlee validations,Tiffany Wolf,"USDA, Ames, IA",,,Rhen Var,3,3,,SG,9.5.25,,,,,
,,B-119,63 MPI,USDA/Greenlee samples,MNPRO oral swabs,S-1706,USDA/Greenlee validations,Tiffany Wolf,"USDA, Ames, IA",,,Rhen Var,3,3,,SG,9.5.25,,,,,
,,B-120,63 MPI,USDA/Greenlee samples,MNPRO oral swabs,S-1707,USDA/Greenlee validations,Tiffany Wolf,"USDA, Ames, IA",,,Rhen Var,3,3,,SG,9.5.25,,,,,
,,O-37,63 MPI,USDA/Greenlee samples,MNPRO oral swabs,S-1708,USDA/Greenlee validations,Tiffany Wolf,"USDA, Ames, IA",,,Rhen Var,3,3,,SG,9.5.25,,,,,
,,1946,63 MPI,USDA/Greenlee samples,MNPRO oral swabs,S-1709,USDA/Greenlee validations,Tiffany Wolf,"USDA, Ames, IA",,,Rhen Var,3,3,,SG,9.5.25,,,,,
,,B-109,63 MPI,USDA/Greenlee samples,MNPRO oral swabs,S-1710,USDA/Greenlee validations,Tiffany Wolf,"USDA, Ames, IA",,,Rhen Var,3,3,,SG,9.5.25,,,,,
,,B-155,63 MPI,USDA/Greenlee samples,MNPRO oral swabs,S-1711,USDA/Greenlee validations,Tiffany Wolf,"USDA, Ames, IA",,,Rhen Var,3,3,,SG,9.5.25,,,,,
,,B-199,21 MPI,USDA/Greenlee samples,NADC oral swab,S-1819,USDA/Greenlee validations,Tiffany Wolf,"USDA, Ames, IA",,,Rhen Var,3,3,,SG,9.16.25,,,,,
,,Y-15,66 MPI,USDA/Greenlee samples,NADC oral swab,S-2052,USDA/Greenlee validations,Tiffany Wolf,"USDA, Ames, IA",,,Rhen Var,3,3,,SG,10.7.25,,,,,
,,B-204,66 MPI,USDA/Greenlee samples,NADC oral swab,S-2053,USDA/Greenlee validations,Tiffany Wolf,"USDA, Ames, IA",,,Rhen Var,3,3,,SG,10.7.25,,,,,
,,B-206,66 MPI,USDA/Greenlee samples,NADC oral swab,S-2054,USDA/Greenlee validations,Tiffany Wolf,"USDA, Ames, IA",,,Rhen Var,3,3,,SG,10.7.25,,,,,
,,B-199,66 MPI,USDA/Greenlee samples,NADC oral swab,S-2055,USDA/Greenlee validations,Tiffany Wolf,"USDA, Ames, IA",,,Rhen Var,3,3,,SG,10.7.25,,,,,
,,Y-23,66 MPI,USDA/Greenlee samples,NADC oral swab,S-2056,USDA/Greenlee validations,Tiffany Wolf,"USDA, Ames, IA",,,Rhen Var,3,3,,SG,10.7.25,,,,,
,,B-158,66 MPI,USDA/Greenlee samples,NADC oral swab,S-2057,USDA/Greenlee validations,Tiffany Wolf,"USDA, Ames, IA",,,Rhen Var,3,3,,SG,10.7.25,,,,,
,,B-161,66 MPI,USDA/Greenlee samples,NADC oral swab,S-2058,USDA/Greenlee validations,Tiffany Wolf,"USDA, Ames, IA",,,Rhen Var,3,3,,SG,10.7.25,,,,,
,,B-119,66 MPI,USDA/Greenlee samples,NADC oral swab,S-2059,USDA/Greenlee validations,Tiffany Wolf,"USDA, Ames, IA",,,Rhen Var,3,3,,SG,10.7.25,,,,,
,,B-120,66 MPI,USDA/Greenlee samples,NADC oral swab,S-2060,USDA/Greenlee validations,Tiffany Wolf,"USDA, Ames, IA",,,Rhen Var,3,3,,SG,10.7.25,,,,,
,,O-37,66 MPI,USDA/Greenlee samples,NADC oral swab,S-2061,USDA/Greenlee validations,Tiffany Wolf,"USDA, Ames, IA",,,Rhen Var,3,3,,SG,10.7.25,,,,,
,,1946,66 MPI,USDA/Greenlee samples,NADC oral swab,S-2062,USDA/Greenlee validations,Tiffany Wolf,"USDA, Ames, IA",,,Rhen Var,3,3,,SG,10.7.25,,,,,
,,B-155,66 MPI,USDA/Greenlee samples,NADC oral swab,S-2063,USDA/Greenlee validations,Tiffany Wolf,"USDA, Ames, IA",,,Rhen Var,3,3,,SG,10.7.25,,,,,
,,B-206,15 MPI,USDA/Greenlee samples,NADC oral swab,S-2064,USDA/Greenlee validations,Tiffany Wolf,"USDA, Ames, IA",,,Rhen Var,3,3,,SG,10.7.25,,,,,
,,number skipped,,,,S-2065,,,,,,,,,,,,,,,,
,,Y-15,66 MPI,USDA/Greenlee samples,MNPRO oral swab,S-2066,USDA/Greenlee validations,Tiffany Wolf,"USDA, Ames, IA",,,Rhen Var,3,3,,SG,10.8.25,,,,,
,,B-204,66 MPI,USDA/Greenlee samples,MNPRO oral swab,S-2067,USDA/Greenlee validations,Tiffany Wolf,"USDA, Ames, IA",,,Rhen Var,3,3,,SG,10.8.25,,,,,
,,B-206,66 MPI,USDA/Greenlee samples,MNPRO oral swab,S-2068,USDA/Greenlee validations,Tiffany Wolf,"USDA, Ames, IA",,,Rhen Var,3,3,,SG,10.8.25,,,,,
,,B-199,66 MPI,USDA/Greenlee samples,MNPRO oral swab,S-2069,USDA/Greenlee validations,Tiffany Wolf,"USDA, Ames, IA",,,Rhen Var,3,3,,SG,10.8.25,,,,,
,,Y-23,66 MPI,USDA/Greenlee samples,MNPRO oral swab,S-2070,USDA/Greenlee validations,Tiffany Wolf,"USDA, Ames, IA",,,Rhen Var,3,3,,SG,10.8.25,,,,,
,,B-158,66 MPI,USDA/Greenlee samples,MNPRO oral swab,S-2071,USDA/Greenlee validations,Tiffany Wolf,"USDA, Ames, IA",,,Rhen Var,3,3,,SG,10.8.25,,,,,
,,B-161,66 MPI,USDA/Greenlee samples,MNPRO oral swab,S-2072,USDA/Greenlee validations,Tiffany Wolf,"USDA, Ames, IA",,,Rhen Var,3,3,,SG,10.8.25,,,,,
,,B-119,66 MPI,USDA/Greenlee samples,MNPRO oral swab,S-2073,USDA/Greenlee validations,Tiffany Wolf,"USDA, Ames, IA",,,Rhen Var,3,3,,SG,10.8.25,,,,,
,,B-120,66 MPI,USDA/Greenlee samples,MNPRO oral swab,S-2074,USDA/Greenlee validations,Tiffany Wolf,"USDA, Ames, IA",,,Rhen Var,3,3,,SG,10.8.25,,,,,
,,O-37,66 MPI,USDA/Greenlee samples,MNPRO oral swab,S-2075,USDA/Greenlee validations,Tiffany Wolf,"USDA, Ames, IA",,,Rhen Var,3,3,,SG,10.8.25,,,,,
,,1946,66 MPI,USDA/Greenlee samples,MNPRO oral swab,S-2076,USDA/Greenlee validations,Tiffany Wolf,"USDA, Ames, IA",,,Rhen Var,3,3,,SG,10.8.25,,,,,
,,B-109,66 MPI,USDA/Greenlee samples,MNPRO oral swab,S-2077,USDA/Greenlee validations,Tiffany Wolf,"USDA, Ames, IA",,,Rhen Var,3,3,,SG,12.4.25,,,,,
,,B-155,66 MPI,USDA/Greenlee samples,MNPRO oral swab,S-2078,USDA/Greenlee validations,Tiffany Wolf,"USDA, Ames, IA",,,Rhen Var,3,3,,SG,10.8.25,,,,,
